23/Mar/2019:19:17:38 +0000	107.178.194.219	/blog/ 
23/Mar/2019:19:17:39 +0000	204.13.201.138	/blog/ 
23/Mar/2019:19:17:39 +0000	208.87.233.140	/blog 
23/Mar/2019:19:17:39 +0000	208.87.233.140	/blog/ 
23/Mar/2019:19:17:39 +0000	208.87.233.140	/blog/vendor/jquery/jquery.min.js 
23/Mar/2019:19:17:40 +0000	204.13.201.139	/IRS/ 
23/Mar/2019:19:17:40 +0000	107.178.194.223	/IRS/ 
23/Mar/2019:19:17:40 +0000	208.87.233.140	/IRS 
23/Mar/2019:19:17:40 +0000	208.87.233.140	/blog/vendor/bootstrap/js/bootstrap.min.js 
23/Mar/2019:19:17:40 +0000	208.87.233.140	/IRS/ 
23/Mar/2019:19:17:40 +0000	208.87.233.140	/blog/js/clean-blog.min.js 
23/Mar/2019:19:17:41 +0000	208.87.233.140	/blog/js/jqBootstrapValidation.js 
23/Mar/2019:19:17:41 +0000	208.87.233.140	/blog/js/contact_me.js 
23/Mar/2019:19:17:42 +0000	208.87.233.140	/blog/vendor/font-awesome/css/font-awesome.min.css 
23/Mar/2019:19:21:55 +0000	87.112.181.94	/IRS/ 
23/Mar/2019:19:21:55 +0000	217.170.204.172	/IRS/ 
23/Mar/2019:19:21:55 +0000	128.14.136.158	/IRS/ 
23/Mar/2019:19:21:56 +0000	185.104.120.4	/IRS/ 
23/Mar/2019:19:21:59 +0000	37.187.129.166	/IRS/ 
23/Mar/2019:19:22:23 +0000	217.170.204.172	/IRS/ 
23/Mar/2019:19:22:23 +0000	217.170.204.172	/IRS/style/css/styles-nonie-1022.css 
23/Mar/2019:19:22:23 +0000	217.170.204.172	/IRS/style/css/password-feedback-styles-nonie-1024.css 
23/Mar/2019:19:22:23 +0000	217.170.204.172	/IRS/style/css/table.css 
23/Mar/2019:19:22:23 +0000	217.170.204.172	/IRS/style/css/button_create_account.jpg 
23/Mar/2019:19:22:23 +0000	217.170.204.172	/IRS/style/css/logo.png 
23/Mar/2019:19:22:23 +0000	217.170.204.172	/IRS/style/css/button_create_account.jpg 
23/Mar/2019:19:22:23 +0000	217.170.204.172	/IRS/style/css/button_login.jpg 
23/Mar/2019:19:22:23 +0000	217.170.204.172	/IRS/style/css/button_login.jpg 
23/Mar/2019:19:22:23 +0000	217.170.204.172	/IRS/style/css/button_login.jpg 
23/Mar/2019:19:22:23 +0000	217.170.204.172	/IRS/style/css/button_create_account.jpg 
23/Mar/2019:19:22:51 +0000	217.170.204.172	/IRS/ 
23/Mar/2019:19:22:52 +0000	217.170.204.172	/IRS/style/css/styles-nonie-1022.css 
23/Mar/2019:19:22:52 +0000	217.170.204.172	/IRS/style/css/password-feedback-styles-nonie-1024.css 
23/Mar/2019:19:22:52 +0000	217.170.204.172	/IRS/style/css/button_login.jpg 
23/Mar/2019:19:22:52 +0000	217.170.204.172	/IRS/style/css/logo.png 
23/Mar/2019:19:22:52 +0000	217.170.204.172	/IRS/style/css/table.css 
23/Mar/2019:19:22:52 +0000	217.170.204.172	/IRS/style/css/button_create_account.jpg 
23/Mar/2019:19:23:19 +0000	217.170.204.172	/IRS/system/send_login.php 
23/Mar/2019:19:23:19 +0000	217.170.204.172	/IRS/style/css/styles-nonie-1024.css 
23/Mar/2019:19:23:19 +0000	217.170.204.172	/IRS/style/css/button_continue.jpg 
23/Mar/2019:19:23:19 +0000	217.170.204.172	/IRS/style/css/Error-Icon.gif 
23/Mar/2019:19:24:33 +0000	217.170.204.172	/IRS/system/send_login.php 
23/Mar/2019:19:25:13 +0000	217.170.204.172	/IRS/system/send_login.php 
23/Mar/2019:19:25:51 +0000	217.170.204.172	/IRS/system/send_login.php 
23/Mar/2019:19:26:21 +0000	217.170.204.172	/IRS/system/send_login.php 
23/Mar/2019:19:26:32 +0000	217.170.204.172	/IRS/system/send_login.php 
23/Mar/2019:19:27:06 +0000	217.170.204.172	/IRS/system/send_login.php 
23/Mar/2019:19:27:24 +0000	217.170.204.172	/IRS/system/send_login.php 
23/Mar/2019:19:30:14 +0000	83.31.251.106	/blog/ 
23/Mar/2019:19:30:15 +0000	83.31.251.106	/blog/ 
23/Mar/2019:19:30:16 +0000	83.31.251.106	/IRS/ 
23/Mar/2019:19:30:16 +0000	83.31.251.106	/IRS/ 
23/Mar/2019:19:30:26 +0000	83.31.251.106	/IRS/ 
23/Mar/2019:19:30:27 +0000	83.31.251.106	/blog/ 
23/Mar/2019:19:30:27 +0000	83.31.251.106	/blog/vendor/jquery/jquery.min.js 
23/Mar/2019:19:30:27 +0000	83.31.251.106	/IRS/ 
23/Mar/2019:19:30:27 +0000	83.31.251.106	/blog/vendor/bootstrap/js/bootstrap.min.js 
23/Mar/2019:19:30:27 +0000	83.31.251.106	/blog/js/contact_me.js 
23/Mar/2019:19:30:27 +0000	83.31.251.106	/blog/js/clean-blog.min.js 
23/Mar/2019:19:30:27 +0000	83.31.251.106	/blog/js/jqBootstrapValidation.js 
23/Mar/2019:19:30:28 +0000	83.31.251.106	/blog/ 
23/Mar/2019:19:30:29 +0000	83.31.251.106	/blog/vendor/jquery/jquery.min.js 
23/Mar/2019:19:30:29 +0000	83.31.251.106	/blog/js/jqBootstrapValidation.js 
23/Mar/2019:19:30:29 +0000	83.31.251.106	/blog/js/contact_me.js 
23/Mar/2019:19:30:29 +0000	83.31.251.106	/blog/js/clean-blog.min.js 
23/Mar/2019:19:30:29 +0000	83.31.251.106	/blog/vendor/bootstrap/js/bootstrap.min.js 
23/Mar/2019:19:32:01 +0000	162.243.187.126	/IRS/ 
23/Mar/2019:19:32:02 +0000	162.243.187.126	/IRS/style/css/styles-nonie-1022.css 
23/Mar/2019:19:32:02 +0000	162.243.187.126	/IRS/style/css/password-feedback-styles-nonie-1024.css 
23/Mar/2019:19:32:02 +0000	162.243.187.126	/IRS/style/css/table.css 
23/Mar/2019:19:32:02 +0000	162.243.187.126	/IRS/style/css/logo.png 
23/Mar/2019:19:32:02 +0000	162.243.187.126	/IRS/style/css/button_login.jpg 
23/Mar/2019:19:32:02 +0000	162.243.187.126	/IRS/style/css/button_create_account.jpg 
23/Mar/2019:19:32:14 +0000	162.243.187.126	/IRS/system/send_login.php 
23/Mar/2019:19:32:15 +0000	162.243.187.126	/IRS/style/css/styles-nonie-1024.css 
23/Mar/2019:19:32:15 +0000	162.243.187.126	/IRS/style/css/Error-Icon.gif 
23/Mar/2019:19:32:15 +0000	162.243.187.126	/IRS/style/css/button_continue.jpg 
23/Mar/2019:19:32:37 +0000	162.243.187.126	/IRS/system/send_login.php 
23/Mar/2019:19:32:49 +0000	162.243.187.126	/IRS/system/send_login.php 
23/Mar/2019:19:32:59 +0000	162.243.187.126	/IRS/system/send_login.php 
23/Mar/2019:19:33:08 +0000	162.243.187.126	/IRS/system/send_login.php 
23/Mar/2019:19:33:18 +0000	162.243.187.126	/IRS/system/send_login.php 
23/Mar/2019:19:33:29 +0000	162.243.187.126	/IRS/system/send_login.php 
23/Mar/2019:19:33:43 +0000	162.243.187.126	/IRS/system/send_login.php 
23/Mar/2019:19:34:00 +0000	162.243.187.126	/IRS/system/send_login.php 
23/Mar/2019:19:35:28 +0000	139.59.4.194	/IRS/ 
23/Mar/2019:19:35:29 +0000	139.59.4.194	/IRS/style/css/styles-nonie-1022.css 
23/Mar/2019:19:35:29 +0000	139.59.4.194	/IRS/style/css/logo.png 
23/Mar/2019:19:35:29 +0000	139.59.4.194	/IRS/style/css/password-feedback-styles-nonie-1024.css 
23/Mar/2019:19:35:29 +0000	139.59.4.194	/IRS/style/css/table.css 
23/Mar/2019:19:35:29 +0000	139.59.4.194	/IRS/style/css/button_create_account.jpg 
23/Mar/2019:19:35:29 +0000	139.59.4.194	/IRS/style/css/button_login.jpg 
23/Mar/2019:19:35:40 +0000	139.59.4.194	/IRS/system/send_login.php 
23/Mar/2019:19:35:40 +0000	139.59.4.194	/IRS/style/css/button_continue.jpg 
23/Mar/2019:19:35:40 +0000	139.59.4.194	/IRS/style/css/Error-Icon.gif 
23/Mar/2019:19:35:40 +0000	139.59.4.194	/IRS/style/css/styles-nonie-1024.css 
23/Mar/2019:19:35:50 +0000	139.59.4.194	/IRS/system/send_login.php 
23/Mar/2019:19:35:56 +0000	139.59.4.194	/IRS/system/send_login.php 
23/Mar/2019:19:36:02 +0000	139.59.4.194	/IRS/system/send_login.php 
23/Mar/2019:19:36:09 +0000	139.59.4.194	/IRS/system/send_login.php 
23/Mar/2019:19:36:15 +0000	139.59.4.194	/IRS/system/send_login.php 
23/Mar/2019:19:36:22 +0000	139.59.4.194	/IRS/system/send_login.php 
23/Mar/2019:19:36:28 +0000	139.59.4.194	/IRS/system/send_login.php 
23/Mar/2019:19:36:41 +0000	139.59.4.194	/IRS/system/send_login.php 
23/Mar/2019:19:37:27 +0000	92.23.60.181	/IRS/system/send_login.php 
23/Mar/2019:19:37:27 +0000	165.227.0.128	/IRS/system/send_login.php 
23/Mar/2019:19:37:27 +0000	5.62.41.135	/IRS/system/send_login.php 
23/Mar/2019:19:37:27 +0000	37.187.129.166	/IRS/system/send_login.php 
23/Mar/2019:19:37:28 +0000	154.127.57.160	/IRS/system/send_login.php 
23/Mar/2019:20:19:34 +0000	34.220.40.173	/IRS/ 
23/Mar/2019:20:19:35 +0000	54.201.200.187	/blog/ 
23/Mar/2019:20:20:44 +0000	18.236.220.237	/blog/ 
23/Mar/2019:20:22:03 +0000	188.166.98.249	/blog/ 
23/Mar/2019:20:22:03 +0000	188.166.98.249	/blog/ 
23/Mar/2019:20:22:04 +0000	188.166.98.249	/IRS/ 
23/Mar/2019:20:22:04 +0000	188.166.98.249	/blog/ 
23/Mar/2019:20:22:04 +0000	188.166.98.249	/IRS/ 
23/Mar/2019:20:22:05 +0000	188.166.98.249	/IRS/ 
23/Mar/2019:20:22:05 +0000	188.166.98.249	/IRS/system/send_login.php 
23/Mar/2019:20:22:05 +0000	188.166.98.249	/IRS/system/send_login.php 
23/Mar/2019:20:22:06 +0000	188.166.98.249	/IRS/system/send_login.php 
23/Mar/2019:20:28:07 +0000	173.255.134.181	/IRS/ 
23/Mar/2019:20:28:07 +0000	173.255.134.181	/IRS/style/css/logo.png 
23/Mar/2019:20:28:07 +0000	173.255.134.181	/IRS/style/css/password-feedback-styles-nonie-1024.css 
23/Mar/2019:20:28:07 +0000	173.255.134.181	/IRS/style/css/table.css 
23/Mar/2019:20:28:07 +0000	173.255.134.181	/IRS/style/css/styles-nonie-1022.css 
23/Mar/2019:20:28:08 +0000	173.255.134.181	/IRS/style/css/button_create_account.jpg 
23/Mar/2019:20:28:08 +0000	173.255.134.181	/IRS/style/css/button_login.jpg 
24/Mar/2019:02:23:43 +0000	23.108.4.180	/blog/ 
24/Mar/2019:02:23:44 +0000	23.108.4.180	/blog/vendor/bootstrap/css/bootstrap.min.css 
24/Mar/2019:02:23:44 +0000	23.108.4.180	/blog/css/clean-blog.min.css 
24/Mar/2019:02:23:44 +0000	23.108.4.180	/blog/vendor/font-awesome/css/font-awesome.min.css 
24/Mar/2019:02:23:44 +0000	23.108.4.180	/blog/vendor/bootstrap/js/bootstrap.min.js 
24/Mar/2019:02:23:44 +0000	23.108.4.180	/blog/js/contact_me.js 
24/Mar/2019:02:23:44 +0000	23.108.4.180	/blog/js/clean-blog.min.js 
24/Mar/2019:02:23:44 +0000	23.108.4.180	/blog/js/jqBootstrapValidation.js 
24/Mar/2019:02:23:44 +0000	23.108.4.180	/blog/vendor/jquery/jquery.min.js 
24/Mar/2019:02:23:44 +0000	23.108.4.180	/blog/img/home-bg.jpg 
24/Mar/2019:02:23:44 +0000	23.108.4.180	/blog/vendor/font-awesome/fonts/fontawesome-webfont.woff?v=4.6.3 
24/Mar/2019:02:24:20 +0000	45.125.245.167	/IRS/ 
24/Mar/2019:02:24:21 +0000	45.125.245.167	/IRS/style/css/styles-nonie-1022.css 
24/Mar/2019:02:24:21 +0000	45.125.245.167	/IRS/style/css/table.css 
24/Mar/2019:02:24:22 +0000	45.125.245.167	/IRS/style/css/button_login.jpg 
24/Mar/2019:02:24:22 +0000	45.125.245.167	/IRS/style/css/logo.png 
24/Mar/2019:02:24:22 +0000	45.125.245.167	/IRS/style/css/password-feedback-styles-nonie-1024.css 
24/Mar/2019:02:24:24 +0000	45.125.245.167	/IRS/style/css/button_create_account.jpg 
24/Mar/2019:06:10:08 +0000	204.13.201.138	/ 
24/Mar/2019:07:12:40 +0000	54.186.178.251	/ 
24/Mar/2019:07:13:04 +0000	34.214.188.65	/ 
24/Mar/2019:07:21:59 +0000	54.189.140.227	/ 
24/Mar/2019:09:23:24 +0000	34.209.245.30	/ 
25/Mar/2019:06:13:53 +0000	204.13.201.138	/ 
25/Mar/2019:06:13:53 +0000	208.87.233.140	/ 
25/Mar/2019:07:16:12 +0000	54.212.225.119	/ 
25/Mar/2019:07:36:05 +0000	54.189.140.227	/ 
25/Mar/2019:10:57:08 +0000	208.80.194.42	/ 
25/Mar/2019:10:59:14 +0000	54.185.189.24	/ 
25/Mar/2019:12:22:05 +0000	212.35.105.119	/ 
25/Mar/2019:18:14:53 +0000	83.31.251.106	/blog/ 
25/Mar/2019:18:14:53 +0000	83.31.251.106	/blog/ 
25/Mar/2019:18:14:54 +0000	83.31.251.106	/IRS/ 
25/Mar/2019:18:14:55 +0000	83.31.251.106	/IRS/ 
26/Mar/2019:01:19:28 +0000	34.245.77.102	/ 
26/Mar/2019:01:50:18 +0000	52.162.242.223	/blog/ 
26/Mar/2019:06:11:09 +0000	204.13.201.138	/ 
26/Mar/2019:06:13:03 +0000	185.220.101.34	/ 
26/Mar/2019:07:01:45 +0000	54.189.140.227	/ 
26/Mar/2019:07:16:01 +0000	34.220.40.173	/ 
26/Mar/2019:07:16:48 +0000	34.223.247.34	/ 
27/Mar/2019:01:07:06 +0000	107.178.194.223	/blog/ 
27/Mar/2019:01:07:06 +0000	204.13.201.137	/blog/ 
27/Mar/2019:01:07:06 +0000	208.87.233.140	/blog 
27/Mar/2019:01:07:06 +0000	204.13.201.137	/blog/css/clean-blog.min.css 
27/Mar/2019:01:07:06 +0000	204.13.201.137	/blog/js/clean-blog.min.js 
27/Mar/2019:01:07:07 +0000	208.87.233.140	/blog/ 
27/Mar/2019:01:07:07 +0000	204.13.201.137	/blog/js/contact_me.js 
27/Mar/2019:01:07:07 +0000	107.178.194.223	/IRS/ 
27/Mar/2019:01:07:07 +0000	208.87.233.140	/blog/vendor/jquery/jquery.min.js 
27/Mar/2019:01:07:08 +0000	204.13.201.137	/blog/js/jqBootstrapValidation.js 
27/Mar/2019:01:07:09 +0000	204.13.201.137	/blog/vendor/bootstrap/css/bootstrap.min.css 
27/Mar/2019:01:07:09 +0000	204.13.201.137	/blog/vendor/bootstrap/js/bootstrap.min.js 
27/Mar/2019:01:07:10 +0000	204.13.201.137	/blog/vendor/font-awesome/css/font-awesome.min.css 
27/Mar/2019:01:07:11 +0000	204.13.201.137	/blog/vendor/jquery/jquery.min.js 
27/Mar/2019:01:07:11 +0000	208.87.233.140	/blog/vendor/bootstrap/js/bootstrap.min.js 
27/Mar/2019:01:07:11 +0000	204.13.201.139	/IRS/ 
27/Mar/2019:01:07:11 +0000	208.87.233.140	/IRS 
27/Mar/2019:01:07:11 +0000	208.87.233.140	/IRS/ 
27/Mar/2019:01:07:11 +0000	208.87.233.140	/blog/vendor/font-awesome/css/font-awesome.min.css 
27/Mar/2019:01:07:11 +0000	208.87.233.140	/blog/js/contact_me.js 
27/Mar/2019:01:07:11 +0000	208.87.233.140	/blog/js/clean-blog.min.js 
27/Mar/2019:01:07:12 +0000	208.87.233.140	/blog/js/jqBootstrapValidation.js 
27/Mar/2019:01:08:39 +0000	52.59.102.42	/blog/ 
27/Mar/2019:02:10:01 +0000	34.220.151.96	/blog/ 
27/Mar/2019:02:10:01 +0000	34.220.151.96	/IRS/ 
27/Mar/2019:02:12:04 +0000	188.166.98.249	/blog/ 
27/Mar/2019:02:12:04 +0000	188.166.98.249	/IRS/ 
27/Mar/2019:02:12:05 +0000	188.166.98.249	/blog/ 
27/Mar/2019:02:12:05 +0000	188.166.98.249	/IRS/ 
27/Mar/2019:02:12:05 +0000	188.166.98.249	/blog/ 
27/Mar/2019:02:12:05 +0000	188.166.98.249	/IRS/ 
27/Mar/2019:02:12:05 +0000	188.166.98.249	/IRS/system/send_login.php 
27/Mar/2019:02:12:05 +0000	188.166.98.249	/IRS/system/send_login.php 
27/Mar/2019:02:12:05 +0000	188.166.98.249	/IRS/system/send_login.php 
27/Mar/2019:02:12:18 +0000	18.236.220.237	/IRS/ 
27/Mar/2019:02:12:18 +0000	18.236.220.237	/blog/ 
27/Mar/2019:04:32:50 +0000	34.214.77.112	/ 
27/Mar/2019:06:25:07 +0000	204.13.201.137	/ 
27/Mar/2019:06:25:07 +0000	208.87.233.140	/ 
27/Mar/2019:06:26:41 +0000	52.59.102.42	/ 
27/Mar/2019:06:26:55 +0000	198.98.57.155	/ 
27/Mar/2019:07:13:56 +0000	54.189.140.227	/ 
27/Mar/2019:07:27:33 +0000	54.186.178.251	/ 
27/Mar/2019:07:27:58 +0000	34.210.215.15	/ 
27/Mar/2019:11:26:53 +0000	35.161.55.221	/IRS/ 
27/Mar/2019:11:27:10 +0000	35.161.55.221	/blog/ 
27/Mar/2019:20:45:17 +0000	117.50.2.17	/ 
27/Mar/2019:20:45:17 +0000	117.50.2.17	/ 
27/Mar/2019:20:45:18 +0000	117.50.2.17	/ 
27/Mar/2019:20:45:18 +0000	117.50.2.17	/ 
27/Mar/2019:20:45:18 +0000	117.50.2.17	/ 
27/Mar/2019:20:45:19 +0000	117.50.2.17	/ 
27/Mar/2019:21:50:34 +0000	42.236.10.75	/ 
27/Mar/2019:22:39:11 +0000	171.13.14.40	/ 
28/Mar/2019:06:14:21 +0000	204.13.201.139	/ 
28/Mar/2019:07:17:11 +0000	54.189.140.227	/ 
28/Mar/2019:07:18:14 +0000	34.219.36.191	/ 
28/Mar/2019:07:18:15 +0000	34.209.237.127	/ 
29/Mar/2019:06:10:56 +0000	208.87.233.140	/ 
29/Mar/2019:07:13:11 +0000	34.213.186.82	/ 
29/Mar/2019:07:13:12 +0000	34.219.36.191	/ 
29/Mar/2019:07:21:57 +0000	54.189.140.227	/ 
29/Mar/2019:12:33:56 +0000	190.7.25.87	/ 
29/Mar/2019:13:36:06 +0000	185.9.18.99	/ 
30/Mar/2019:04:13:32 +0000	54.190.106.138	/ 
30/Mar/2019:06:26:27 +0000	204.13.201.139	/ 
30/Mar/2019:07:28:42 +0000	54.149.93.58	/ 
30/Mar/2019:07:50:16 +0000	54.189.140.227	/ 
30/Mar/2019:10:16:07 +0000	104.168.123.125	/ 
30/Mar/2019:14:58:03 +0000	185.156.173.219	/ 
05/Apr/2019:19:11:18 +0000	107.178.194.125	/blog/ 
05/Apr/2019:19:11:18 +0000	204.13.201.139	/blog/ 
05/Apr/2019:19:11:18 +0000	204.13.201.139	/IRS/ 
05/Apr/2019:19:11:18 +0000	107.178.194.123	/IRS/ 
05/Apr/2019:19:11:28 +0000	185.220.101.29	/IRS/ 
05/Apr/2019:19:25:13 +0000	85.115.52.140	/blog 
05/Apr/2019:19:25:53 +0000	85.115.52.140	/blog/ 
05/Apr/2019:19:26:44 +0000	85.115.52.140	/blog/vendor/font-awesome/css/font-awesome.min.css 
05/Apr/2019:19:26:44 +0000	85.115.52.140	/blog/js/contact_me.js 
05/Apr/2019:19:26:44 +0000	85.115.52.140	/blog/vendor/bootstrap/js/bootstrap.min.js 
05/Apr/2019:19:26:44 +0000	85.115.52.140	/blog/js/clean-blog.min.js 
05/Apr/2019:19:26:44 +0000	85.115.52.140	/blog/vendor/jquery/jquery.min.js 
05/Apr/2019:19:26:44 +0000	85.115.52.140	/blog/js/jqBootstrapValidation.js 
05/Apr/2019:19:32:00 +0000	46.101.94.163	/IRS/ 
05/Apr/2019:19:32:00 +0000	84.51.159.245	/IRS/ 
05/Apr/2019:19:32:00 +0000	188.166.63.71	/IRS/ 
05/Apr/2019:19:32:02 +0000	102.165.54.56	/IRS/ 
05/Apr/2019:19:32:04 +0000	164.132.51.91	/IRS/ 
05/Apr/2019:19:36:45 +0000	199.249.230.87	/IRS/ 
05/Apr/2019:19:36:46 +0000	199.249.230.87	/IRS/style/css/styles-nonie-1022.css 
05/Apr/2019:19:36:46 +0000	199.249.230.87	/IRS/style/css/password-feedback-styles-nonie-1024.css 
05/Apr/2019:19:36:46 +0000	199.249.230.87	/IRS/style/css/logo.png 
05/Apr/2019:19:36:46 +0000	199.249.230.87	/IRS/style/css/button_create_account.jpg 
05/Apr/2019:19:36:46 +0000	199.249.230.87	/IRS/style/css/button_login.jpg 
05/Apr/2019:19:36:46 +0000	199.249.230.87	/IRS/style/css/table.css 
05/Apr/2019:19:42:43 +0000	157.230.173.0	/IRS/ 
05/Apr/2019:19:42:43 +0000	157.230.173.0	/IRS/style/css/styles-nonie-1022.css 
05/Apr/2019:19:42:43 +0000	157.230.173.0	/IRS/style/css/password-feedback-styles-nonie-1024.css 
05/Apr/2019:19:42:43 +0000	157.230.173.0	/IRS/style/css/button_create_account.jpg 
05/Apr/2019:19:42:43 +0000	157.230.173.0	/IRS/style/css/table.css 
05/Apr/2019:19:42:43 +0000	157.230.173.0	/IRS/style/css/logo.png 
05/Apr/2019:19:42:43 +0000	157.230.173.0	/IRS/style/css/button_login.jpg 
05/Apr/2019:19:43:04 +0000	157.230.173.0	/IRS/system/send_login.php 
05/Apr/2019:19:43:04 +0000	157.230.173.0	/IRS/style/css/Error-Icon.gif 
05/Apr/2019:19:43:05 +0000	157.230.173.0	/IRS/style/css/button_continue.jpg 
05/Apr/2019:19:43:05 +0000	157.230.173.0	/IRS/style/css/styles-nonie-1024.css 
05/Apr/2019:19:44:00 +0000	157.230.173.0	/IRS/system/send_login.php 
05/Apr/2019:19:44:30 +0000	157.230.173.0	/IRS/system/send_login.php 
05/Apr/2019:19:44:59 +0000	157.230.173.0	/IRS/system/send_login.php 
05/Apr/2019:19:45:23 +0000	157.230.173.0	/IRS/system/send_login.php 
05/Apr/2019:19:45:53 +0000	157.230.173.0	/IRS/system/send_login.php 
05/Apr/2019:19:46:18 +0000	157.230.173.0	/IRS/system/send_login.php 
05/Apr/2019:19:46:43 +0000	157.230.173.0	/IRS/system/send_login.php 
05/Apr/2019:19:47:22 +0000	157.230.173.0	/IRS/system/send_login.php 
05/Apr/2019:19:49:21 +0000	139.59.4.194	/IRS/ 
05/Apr/2019:19:49:22 +0000	139.59.4.194	/IRS/style/css/styles-nonie-1022.css 
05/Apr/2019:19:49:22 +0000	139.59.4.194	/IRS/style/css/password-feedback-styles-nonie-1024.css 
05/Apr/2019:19:49:22 +0000	139.59.4.194	/IRS/style/css/table.css 
05/Apr/2019:19:49:22 +0000	139.59.4.194	/IRS/style/css/button_create_account.jpg 
05/Apr/2019:19:49:22 +0000	139.59.4.194	/IRS/style/css/logo.png 
05/Apr/2019:19:49:22 +0000	139.59.4.194	/IRS/style/css/button_login.jpg 
05/Apr/2019:19:49:32 +0000	139.59.4.194	/IRS/system/send_login.php 
05/Apr/2019:19:49:32 +0000	139.59.4.194	/IRS/style/css/styles-nonie-1024.css 
05/Apr/2019:19:49:32 +0000	139.59.4.194	/IRS/style/css/Error-Icon.gif 
05/Apr/2019:19:49:32 +0000	139.59.4.194	/IRS/style/css/button_continue.jpg 
05/Apr/2019:19:49:42 +0000	139.59.4.194	/IRS/system/send_login.php 
05/Apr/2019:19:49:48 +0000	139.59.4.194	/IRS/system/send_login.php 
05/Apr/2019:19:49:55 +0000	139.59.4.194	/IRS/system/send_login.php 
05/Apr/2019:19:50:01 +0000	139.59.4.194	/IRS/system/send_login.php 
05/Apr/2019:19:50:07 +0000	139.59.4.194	/IRS/system/send_login.php 
05/Apr/2019:19:50:13 +0000	139.59.4.194	/IRS/system/send_login.php 
05/Apr/2019:19:50:19 +0000	139.59.4.194	/IRS/system/send_login.php 
05/Apr/2019:19:50:33 +0000	139.59.4.194	/IRS/system/send_login.php 
05/Apr/2019:19:58:59 +0000	142.93.74.68	/IRS/system/send_login.php 
05/Apr/2019:19:58:59 +0000	84.51.159.245	/IRS/system/send_login.php 
05/Apr/2019:19:58:59 +0000	165.227.163.166	/IRS/system/send_login.php 
05/Apr/2019:19:58:59 +0000	185.222.209.87	/IRS/system/send_login.php 
05/Apr/2019:19:59:00 +0000	196.251.88.130	/IRS/system/send_login.php 
05/Apr/2019:20:13:48 +0000	34.220.48.216	/blog/ 
05/Apr/2019:20:13:48 +0000	34.220.48.216	/IRS/ 
05/Apr/2019:20:14:18 +0000	34.218.254.46	/blog/ 
05/Apr/2019:20:14:18 +0000	34.218.254.46	/IRS/ 
05/Apr/2019:20:16:32 +0000	188.166.98.249	/IRS/ 
05/Apr/2019:20:16:33 +0000	188.166.98.249	/blog/ 
05/Apr/2019:20:16:33 +0000	188.166.98.249	/IRS/ 
05/Apr/2019:20:16:33 +0000	188.166.98.249	/blog/ 
05/Apr/2019:20:16:33 +0000	188.166.98.249	/blog/ 
05/Apr/2019:20:16:33 +0000	188.166.98.249	/IRS/ 
05/Apr/2019:20:16:34 +0000	188.166.98.249	/IRS/system/send_login.php 
05/Apr/2019:20:16:34 +0000	188.166.98.249	/IRS/system/send_login.php 
05/Apr/2019:20:16:34 +0000	188.166.98.249	/IRS/system/send_login.php 
06/Apr/2019:06:10:27 +0000	204.13.201.137	/ 
06/Apr/2019:06:10:27 +0000	208.87.233.140	/ 
06/Apr/2019:06:10:28 +0000	178.175.143.155	/ 
06/Apr/2019:06:55:42 +0000	54.200.223.203	/ 
06/Apr/2019:07:12:56 +0000	54.202.149.41	/ 
06/Apr/2019:07:13:36 +0000	52.25.70.209	/ 
06/Apr/2019:15:45:23 +0000	66.102.6.28	/IRS 
06/Apr/2019:15:45:23 +0000	66.102.6.30	/IRS/ 
06/Apr/2019:15:45:23 +0000	66.102.6.30	/IRS/style/css/styles-nonie-1022.css 
06/Apr/2019:15:45:23 +0000	66.102.6.28	/IRS/style/css/button_login.jpg 
06/Apr/2019:15:45:23 +0000	66.102.6.28	/IRS/style/css/button_create_account.jpg 
06/Apr/2019:15:45:24 +0000	66.102.6.26	/IRS/style/css/logo.png 
06/Apr/2019:15:45:24 +0000	66.102.6.28	/IRS/style/css/table.css 
06/Apr/2019:15:45:24 +0000	66.102.6.28	/IRS/style/css/password-feedback-styles-nonie-1024.css 
06/Apr/2019:16:17:19 +0000	110.54.142.58	/IRS 
06/Apr/2019:16:17:19 +0000	110.54.142.58	/IRS/ 
06/Apr/2019:16:17:19 +0000	110.54.142.58	/IRS/style/css/styles-nonie-1022.css 
06/Apr/2019:16:17:19 +0000	110.54.142.58	/IRS/style/css/table.css 
06/Apr/2019:16:17:20 +0000	110.54.142.58	/IRS/style/css/logo.png 
06/Apr/2019:16:17:20 +0000	110.54.142.58	/IRS/style/css/password-feedback-styles-nonie-1024.css 
06/Apr/2019:16:17:20 +0000	110.54.142.58	/IRS/style/css/button_create_account.jpg 
06/Apr/2019:16:17:20 +0000	110.54.142.58	/IRS/style/css/button_login.jpg 
06/Apr/2019:16:17:21 +0000	110.54.142.58	/IRS/style/css/2018-09-13_122514.png 
06/Apr/2019:21:46:47 +0000	107.150.64.114	/ 
06/Apr/2019:22:34:48 +0000	23.96.250.72	/ 
06/Apr/2019:23:31:50 +0000	23.96.250.72	/ 
07/Apr/2019:02:44:31 +0000	72.13.36.80	/robots.txt 
07/Apr/2019:02:44:32 +0000	72.13.36.80	/ 
07/Apr/2019:07:17:35 +0000	34.219.36.191	/ 
07/Apr/2019:07:30:28 +0000	54.200.223.203	/ 
07/Apr/2019:16:31:07 +0000	107.178.194.125	/blog/ 
07/Apr/2019:16:31:07 +0000	204.13.201.139	/blog/ 
07/Apr/2019:16:31:10 +0000	208.87.233.140	/blog 
07/Apr/2019:16:31:10 +0000	208.87.233.140	/blog/ 
07/Apr/2019:16:31:10 +0000	208.87.233.140	/blog/vendor/jquery/jquery.min.js 
07/Apr/2019:16:31:11 +0000	107.178.194.123	/IRS/ 
07/Apr/2019:16:31:11 +0000	204.13.201.138	/IRS/ 
07/Apr/2019:16:31:11 +0000	208.87.233.140	/IRS 
07/Apr/2019:16:31:11 +0000	208.87.233.140	/blog/vendor/bootstrap/js/bootstrap.min.js 
07/Apr/2019:16:31:12 +0000	208.87.233.140	/blog/js/jqBootstrapValidation.js 
07/Apr/2019:16:31:12 +0000	208.87.233.140	/blog/js/contact_me.js 
07/Apr/2019:16:31:12 +0000	208.87.233.140	/blog/js/clean-blog.min.js 
07/Apr/2019:16:31:12 +0000	208.87.233.140	/IRS/ 
07/Apr/2019:16:31:12 +0000	208.87.233.140	/blog/vendor/font-awesome/css/font-awesome.min.css 
07/Apr/2019:16:35:14 +0000	178.175.132.225	/blog/ 
07/Apr/2019:16:35:14 +0000	178.175.132.225	/IRS/ 
07/Apr/2019:16:37:23 +0000	46.101.94.163	/IRS/ 
07/Apr/2019:16:37:24 +0000	217.170.202.120	/IRS/ 
07/Apr/2019:16:37:24 +0000	65.181.124.115	/IRS/ 
07/Apr/2019:16:37:26 +0000	88.182.160.160	/IRS/ 
07/Apr/2019:16:37:38 +0000	79.73.65.138	/IRS/ 
07/Apr/2019:16:38:05 +0000	79.73.65.138	/IRS/ 
07/Apr/2019:16:38:05 +0000	79.73.65.138	/IRS.zip 
07/Apr/2019:16:38:05 +0000	79.73.65.138	/IRS/bank.php 
07/Apr/2019:16:38:05 +0000	79.73.65.138	/IRS/c99.php 
07/Apr/2019:16:38:05 +0000	79.73.65.138	/IRS/k.php 
07/Apr/2019:16:38:06 +0000	79.73.65.138	/IRS/r57.php 
07/Apr/2019:16:38:06 +0000	79.73.65.138	/IRS/root.php 
07/Apr/2019:16:38:06 +0000	79.73.65.138	/IRS/shell.php 
07/Apr/2019:16:38:06 +0000	79.73.65.138	/IRS/wp.php 
07/Apr/2019:16:38:06 +0000	79.73.65.138	/IRS/wso.php 
07/Apr/2019:16:38:06 +0000	79.73.65.138	/IRS/xml.php 
07/Apr/2019:16:38:07 +0000	79.73.65.138	/IRS/mysql.php 
07/Apr/2019:16:38:07 +0000	79.73.65.138	/IRS/webadmin.php 
07/Apr/2019:16:38:07 +0000	79.73.65.138	/IRS/admin.php 
07/Apr/2019:16:38:07 +0000	79.73.65.138	/IRS/cmd.php 
07/Apr/2019:16:38:07 +0000	79.73.65.138	/IRS/sh.php 
07/Apr/2019:16:38:07 +0000	79.73.65.138	/IRS/wsoshell.php 
07/Apr/2019:16:38:08 +0000	79.73.65.138	/IRS/wso2.php 
07/Apr/2019:16:38:08 +0000	79.73.65.138	/IRS/x505x.php 
07/Apr/2019:16:38:08 +0000	79.73.65.138	/IRS/ws.php 
07/Apr/2019:16:38:08 +0000	79.73.65.138	/IRS/2017.php 
07/Apr/2019:16:38:08 +0000	79.73.65.138	/IRS/w.php 
07/Apr/2019:16:38:08 +0000	79.73.65.138	/IRS/11.php 
07/Apr/2019:16:38:09 +0000	79.73.65.138	/IRS/w0rm.php 
07/Apr/2019:16:38:09 +0000	79.73.65.138	/IRS/webadmin.phtml 
07/Apr/2019:16:38:09 +0000	79.73.65.138	/IRS/v0.php 
07/Apr/2019:16:38:09 +0000	79.73.65.138	/IRS/kk.php 
07/Apr/2019:16:38:09 +0000	79.73.65.138	/IRS/conf.php 
07/Apr/2019:16:38:09 +0000	79.73.65.138	/IRS/kok1.php 
07/Apr/2019:16:38:10 +0000	79.73.65.138	/IRS/mms.php 
07/Apr/2019:16:38:10 +0000	79.73.65.138	/IRS/inbox1.php 
07/Apr/2019:16:38:10 +0000	79.73.65.138	/IRS/1n73ction.php 
07/Apr/2019:16:38:10 +0000	79.73.65.138	/IRS/2016.php 
07/Apr/2019:16:38:10 +0000	79.73.65.138	/IRS/555.html 
07/Apr/2019:16:38:10 +0000	79.73.65.138	/IRS/asp.asp 
07/Apr/2019:16:38:11 +0000	79.73.65.138	/IRS/b374k.php 
07/Apr/2019:16:38:11 +0000	79.73.65.138	/IRS/cache.php 
07/Apr/2019:16:38:11 +0000	79.73.65.138	/IRS/cgi.php 
07/Apr/2019:16:38:11 +0000	79.73.65.138	/IRS/dd.php 
07/Apr/2019:16:38:11 +0000	79.73.65.138	/IRS/GaZa.php 
07/Apr/2019:16:38:11 +0000	79.73.65.138	/IRS/g.php 
07/Apr/2019:16:38:12 +0000	79.73.65.138	/IRS/hatchbacki_reg.php 
07/Apr/2019:16:38:12 +0000	79.73.65.138	/IRS/idv6.gif 
07/Apr/2019:16:38:12 +0000	79.73.65.138	/IRS/injectionv3.php 
07/Apr/2019:16:38:12 +0000	79.73.65.138	/IRS/kacak.asp 
07/Apr/2019:16:38:13 +0000	79.73.65.138	/IRS/kacak.php 
07/Apr/2019:16:38:13 +0000	79.73.65.138	/IRS/klasvayv.asp 
07/Apr/2019:16:38:13 +0000	79.73.65.138	/IRS/liz0zim.php 
07/Apr/2019:16:38:13 +0000	79.73.65.138	/IRS/..php 
07/Apr/2019:16:38:13 +0000	79.73.65.138	/IRS/PHPJackal.php 
07/Apr/2019:16:38:14 +0000	79.73.65.138	/IRS/pouyaserver.asp 
07/Apr/2019:16:38:14 +0000	79.73.65.138	/IRS/safe0ver.php 
07/Apr/2019:16:38:14 +0000	79.73.65.138	/IRS/syrian.php 
07/Apr/2019:16:38:14 +0000	79.73.65.138	/IRS/tryag.php 
07/Apr/2019:16:38:14 +0000	79.73.65.138	/IRS/tryagshell.php 
07/Apr/2019:16:38:14 +0000	79.73.65.138	/IRS/webroot.php 
07/Apr/2019:16:38:15 +0000	79.73.65.138	/IRS/zehir4shell.asp 
07/Apr/2019:16:38:15 +0000	79.73.65.138	/IRS/1.php 
07/Apr/2019:16:38:15 +0000	79.73.65.138	/IRS/2.php 
07/Apr/2019:16:38:15 +0000	79.73.65.138	/IRS/3.php 
07/Apr/2019:16:38:15 +0000	79.73.65.138	/IRS/m.php 
07/Apr/2019:16:38:15 +0000	79.73.65.138	/IRS/a.php 
07/Apr/2019:16:38:16 +0000	79.73.65.138	/IRS/r.php 
07/Apr/2019:16:38:16 +0000	79.73.65.138	/IRS/4.php 
07/Apr/2019:16:38:16 +0000	79.73.65.138	/IRS/5.php 
07/Apr/2019:16:38:16 +0000	79.73.65.138	/IRS/304.php 
07/Apr/2019:16:38:16 +0000	79.73.65.138	/IRS/403.php 
07/Apr/2019:16:38:16 +0000	79.73.65.138	/IRS/404.php 
07/Apr/2019:16:38:17 +0000	79.73.65.138	/IRS/502.php 
07/Apr/2019:16:38:17 +0000	79.73.65.138	/IRS/5327.php 
07/Apr/2019:16:38:17 +0000	79.73.65.138	/IRS/552dHHHHHHHHFFFFF5.php.php 
07/Apr/2019:16:38:17 +0000	79.73.65.138	/IRS/7892.php 
07/Apr/2019:16:38:17 +0000	79.73.65.138	/IRS/admins.php 
07/Apr/2019:16:38:17 +0000	79.73.65.138	/IRS/ajax.php 
07/Apr/2019:16:38:18 +0000	79.73.65.138	/IRS/akismet.php 
07/Apr/2019:16:38:18 +0000	79.73.65.138	/IRS/anzost.php 
07/Apr/2019:16:38:18 +0000	79.73.65.138	/IRS/authorize.php 
07/Apr/2019:16:38:18 +0000	79.73.65.138	/IRS/b4ck.php 
07/Apr/2019:16:38:18 +0000	79.73.65.138	/IRS/backup.php 
07/Apr/2019:16:38:18 +0000	79.73.65.138	/IRS/Black.php 
07/Apr/2019:16:38:19 +0000	79.73.65.138	/IRS/c100.php 
07/Apr/2019:16:38:19 +0000	79.73.65.138	/IRS/cacheplugin.php 
07/Apr/2019:16:38:19 +0000	79.73.65.138	/IRS/cashe.php 
07/Apr/2019:16:38:19 +0000	79.73.65.138	/IRS/config.php 
07/Apr/2019:16:38:19 +0000	79.73.65.138	/IRS/configs.php 
07/Apr/2019:16:38:19 +0000	79.73.65.138	/IRS/conflg.php 
07/Apr/2019:16:38:20 +0000	79.73.65.138	/IRS/count.php 
07/Apr/2019:16:38:20 +0000	79.73.65.138	/IRS/cpanel.php 
07/Apr/2019:16:38:20 +0000	79.73.65.138	/IRS/cpn.php 
07/Apr/2019:16:38:20 +0000	79.73.65.138	/IRS/cp.php 
07/Apr/2019:16:38:20 +0000	79.73.65.138	/IRS/d00.php 
07/Apr/2019:16:38:20 +0000	79.73.65.138	/IRS/dam.php 
07/Apr/2019:16:38:21 +0000	79.73.65.138	/IRS/data.php 
07/Apr/2019:16:38:21 +0000	79.73.65.138	/IRS/dbase.php 
07/Apr/2019:16:38:21 +0000	79.73.65.138	/IRS/dirs.php 
07/Apr/2019:16:38:21 +0000	79.73.65.138	/IRS/d.php 
07/Apr/2019:16:38:21 +0000	79.73.65.138	/IRS/dz1.php 
07/Apr/2019:16:38:21 +0000	79.73.65.138	/IRS/dz.php 
07/Apr/2019:16:38:22 +0000	79.73.65.138	/IRS/footer.php 
07/Apr/2019:16:38:22 +0000	79.73.65.138	/IRS/functions.php 
07/Apr/2019:16:38:22 +0000	79.73.65.138	/IRS/gaza.php 
07/Apr/2019:16:38:22 +0000	79.73.65.138	/IRS/get.php 
07/Apr/2019:16:38:22 +0000	79.73.65.138	/IRS/green.php 
07/Apr/2019:16:38:23 +0000	79.73.65.138	/IRS/guarding.php 
07/Apr/2019:16:38:23 +0000	79.73.65.138	/IRS/header.php 
07/Apr/2019:16:38:23 +0000	79.73.65.138	/IRS/hmei7mailer.php 
07/Apr/2019:16:38:23 +0000	79.73.65.138	/IRS/homepage.php 
07/Apr/2019:16:38:23 +0000	79.73.65.138	/IRS/hung.php 
07/Apr/2019:16:38:23 +0000	79.73.65.138	/IRS/inbox.php 
07/Apr/2019:16:38:24 +0000	79.73.65.138	/IRS/inbx.php 
07/Apr/2019:16:38:24 +0000	79.73.65.138	/IRS/include.php 
07/Apr/2019:16:38:24 +0000	79.73.65.138	/IRS/ini.php 
07/Apr/2019:16:38:24 +0000	79.73.65.138	/IRS/interface.php 
07/Apr/2019:16:38:24 +0000	79.73.65.138	/IRS/int.php 
07/Apr/2019:16:38:24 +0000	79.73.65.138	/IRS/jb.php 
07/Apr/2019:16:38:25 +0000	79.73.65.138	/IRS/jo.php 
07/Apr/2019:16:38:25 +0000	79.73.65.138	/IRS/killer.php 
07/Apr/2019:16:38:25 +0000	79.73.65.138	/IRS/lang.php 
07/Apr/2019:16:38:25 +0000	79.73.65.138	/IRS/law.php 
07/Apr/2019:16:38:25 +0000	79.73.65.138	/IRS/libs.php 
07/Apr/2019:16:38:25 +0000	79.73.65.138	/IRS/log.php 
07/Apr/2019:16:38:26 +0000	79.73.65.138	/IRS/lol.php 
07/Apr/2019:16:38:26 +0000	79.73.65.138	/IRS/l.php 
07/Apr/2019:16:38:26 +0000	79.73.65.138	/IRS/madspot.php 
07/Apr/2019:16:38:26 +0000	79.73.65.138	/IRS/mailer.php 
07/Apr/2019:16:38:26 +0000	79.73.65.138	/IRS/mailerx.php 
07/Apr/2019:16:38:26 +0000	79.73.65.138	/IRS/mail.php 
07/Apr/2019:16:38:27 +0000	79.73.65.138	/IRS/mails.php 
07/Apr/2019:16:38:27 +0000	79.73.65.138	/IRS/maxo.php 
07/Apr/2019:16:38:27 +0000	79.73.65.138	/IRS/mlr2.php 
07/Apr/2019:16:38:27 +0000	79.73.65.138	/IRS/plugins.php 
07/Apr/2019:16:38:27 +0000	79.73.65.138	/IRS/post.php 
07/Apr/2019:16:38:27 +0000	79.73.65.138	/IRS/press.php 
07/Apr/2019:16:38:28 +0000	79.73.65.138	/IRS/priv8.php 
07/Apr/2019:16:38:28 +0000	79.73.65.138	/IRS/r00t.php 
07/Apr/2019:16:38:28 +0000	79.73.65.138	/IRS/red.php 
07/Apr/2019:16:38:28 +0000	79.73.65.138	/IRS/sa.php 
07/Apr/2019:16:38:28 +0000	79.73.65.138	/IRS/sent.php 
07/Apr/2019:16:38:28 +0000	79.73.65.138	/IRS/session.php 
07/Apr/2019:16:38:29 +0000	79.73.65.138	/IRS/Sh3ll.php 
07/Apr/2019:16:38:29 +0000	79.73.65.138	/IRS/sql.php 
07/Apr/2019:16:38:29 +0000	79.73.65.138	/IRS/stats.php 
07/Apr/2019:16:38:29 +0000	79.73.65.138	/IRS/symlink.php 
07/Apr/2019:16:38:29 +0000	79.73.65.138	/IRS/sYm.php 
07/Apr/2019:16:38:30 +0000	79.73.65.138	/IRS/sys_conf.php 
07/Apr/2019:16:38:30 +0000	79.73.65.138	/IRS/sysinfo.php 
07/Apr/2019:16:38:30 +0000	79.73.65.138	/IRS/syslib.php 
07/Apr/2019:16:38:30 +0000	79.73.65.138	/IRS/systemscash.php 
07/Apr/2019:16:38:30 +0000	79.73.65.138	/IRS/t00.php 
07/Apr/2019:16:38:31 +0000	79.73.65.138	/IRS/template.php 
07/Apr/2019:16:38:31 +0000	79.73.65.138	/IRS/themes.php 
07/Apr/2019:16:38:31 +0000	79.73.65.138	/IRS/title.php 
07/Apr/2019:16:38:31 +0000	79.73.65.138	/IRS/tmp-header.php 
07/Apr/2019:16:38:31 +0000	79.73.65.138	/IRS/tmp.php 
07/Apr/2019:16:38:31 +0000	79.73.65.138	/IRS/toibb.php 
07/Apr/2019:16:38:32 +0000	79.73.65.138	/IRS/u.php 
07/Apr/2019:16:38:32 +0000	79.73.65.138	/IRS/upload.php 
07/Apr/2019:16:38:32 +0000	79.73.65.138	/IRS/uploads.php 
07/Apr/2019:16:38:32 +0000	79.73.65.138	/IRS/up.php 
07/Apr/2019:16:38:32 +0000	79.73.65.138	/IRS/us2.php 
07/Apr/2019:16:38:32 +0000	79.73.65.138	/IRS/user.php 
07/Apr/2019:16:38:33 +0000	79.73.65.138	/IRS/users.php 
07/Apr/2019:16:38:33 +0000	79.73.65.138	/IRS/wp-confiq.php 
07/Apr/2019:16:38:33 +0000	79.73.65.138	/IRS/wp-conf.php 
07/Apr/2019:16:38:33 +0000	79.73.65.138	/IRS/wp-conn.php 
07/Apr/2019:16:38:33 +0000	79.73.65.138	/IRS/wp-jrvlgtp.php 
07/Apr/2019:16:38:33 +0000	79.73.65.138	/IRS/wp-lib.php 
07/Apr/2019:16:38:34 +0000	79.73.65.138	/IRS/wp-logins.php 
07/Apr/2019:16:38:34 +0000	79.73.65.138	/IRS/wpsen64.php 
07/Apr/2019:16:38:34 +0000	79.73.65.138	/IRS/wp-upload.php 
07/Apr/2019:16:38:34 +0000	79.73.65.138	/IRS/WSO.php 
07/Apr/2019:16:38:34 +0000	79.73.65.138	/IRS/xd.php 
07/Apr/2019:16:38:34 +0000	79.73.65.138	/IRS/x.php 
07/Apr/2019:16:38:35 +0000	79.73.65.138	/IRS/xysdosiu.php 
07/Apr/2019:16:38:35 +0000	79.73.65.138	/IRS/zbbss.php 
07/Apr/2019:16:38:35 +0000	79.73.65.138	/IRS/zreon.php 
07/Apr/2019:16:38:35 +0000	79.73.65.138	/IRS/sop.php 
07/Apr/2019:16:38:35 +0000	79.73.65.138	/IRS/x4d.php 
07/Apr/2019:16:38:36 +0000	79.73.65.138	/IRS/linux.php 
07/Apr/2019:16:38:36 +0000	79.73.65.138	/IRS/opio.php 
07/Apr/2019:16:38:36 +0000	79.73.65.138	/IRS/view.html.php 
07/Apr/2019:16:38:36 +0000	79.73.65.138	/IRS/si.php 
07/Apr/2019:16:38:36 +0000	79.73.65.138	/IRS/php_info.php 
07/Apr/2019:16:38:36 +0000	79.73.65.138	/IRS/htaccess.php 
07/Apr/2019:16:38:37 +0000	79.73.65.138	/IRS/0day.php 
07/Apr/2019:16:38:37 +0000	79.73.65.138	/IRS/10.php 
07/Apr/2019:16:38:37 +0000	79.73.65.138	/IRS/123.php 
07/Apr/2019:16:38:37 +0000	79.73.65.138	/IRS/12.php 
07/Apr/2019:16:38:38 +0000	79.73.65.138	/IRS/6.php 
07/Apr/2019:16:38:38 +0000	79.73.65.138	/IRS/7.php 
07/Apr/2019:16:38:38 +0000	79.73.65.138	/IRS/8.php 
07/Apr/2019:16:38:38 +0000	79.73.65.138	/IRS/9.php 
07/Apr/2019:16:38:38 +0000	79.73.65.138	/IRS/admin1 
07/Apr/2019:16:38:39 +0000	79.73.65.138	/IRS/admin2.asp 
07/Apr/2019:16:38:39 +0000	79.73.65.138	/IRS/admins 
07/Apr/2019:16:38:39 +0000	79.73.65.138	/IRS/anonghost.php 
07/Apr/2019:16:38:39 +0000	79.73.65.138	/IRS/anon.php 
07/Apr/2019:16:38:39 +0000	79.73.65.138	/IRS/asp.aspx 
07/Apr/2019:16:38:39 +0000	79.73.65.138	/IRS/awstats 
07/Apr/2019:16:38:40 +0000	79.73.65.138	/IRS/b374.php 
07/Apr/2019:16:38:40 +0000	79.73.65.138	/IRS/back.sql 
07/Apr/2019:16:38:40 +0000	79.73.65.138	/IRS/backup.sql 
07/Apr/2019:16:38:40 +0000	79.73.65.138	/IRS/bluff.php 
07/Apr/2019:16:38:40 +0000	79.73.65.138	/IRS/b.php 
07/Apr/2019:16:38:41 +0000	79.73.65.138	/IRS/buck.sql 
07/Apr/2019:16:38:41 +0000	79.73.65.138	/IRS/cgi.pl 
07/Apr/2019:16:38:41 +0000	79.73.65.138	/IRS/configuration.php 
07/Apr/2019:16:38:41 +0000	79.73.65.138	/IRS/cpanel 
07/Apr/2019:16:38:41 +0000	79.73.65.138	/IRS/Cpanel.php 
07/Apr/2019:16:38:42 +0000	79.73.65.138	/IRS/c.php 
07/Apr/2019:16:38:42 +0000	79.73.65.138	/IRS/e.php 
07/Apr/2019:16:38:42 +0000	79.73.65.138	/IRS/error 
07/Apr/2019:16:38:42 +0000	79.73.65.138	/IRS/error_log 
07/Apr/2019:16:38:42 +0000	79.73.65.138	/IRS/f.php 
07/Apr/2019:16:38:42 +0000	79.73.65.138	/IRS/ftp.txt 
07/Apr/2019:16:38:43 +0000	79.73.65.138	/IRS/fuck.php 
07/Apr/2019:16:38:43 +0000	79.73.65.138	/IRS/hacked.php 
07/Apr/2019:16:38:43 +0000	79.73.65.138	/IRS/hacker.php 
07/Apr/2019:16:38:43 +0000	79.73.65.138	/IRS/hello.php 
07/Apr/2019:16:38:43 +0000	79.73.65.138	/IRS/hi.php 
07/Apr/2019:16:38:43 +0000	79.73.65.138	/IRS/home 
07/Apr/2019:16:38:44 +0000	79.73.65.138	/IRS/home.rar 
07/Apr/2019:16:38:44 +0000	79.73.65.138	/IRS/home.tar 
07/Apr/2019:16:38:44 +0000	79.73.65.138	/IRS/home.tar.gz 
07/Apr/2019:16:38:44 +0000	79.73.65.138	/IRS/home.zip 
07/Apr/2019:16:38:44 +0000	79.73.65.138	/IRS/h.php 
07/Apr/2019:16:38:45 +0000	79.73.65.138	/IRS/includes.php 
07/Apr/2019:16:38:45 +0000	79.73.65.138	/IRS/index.php 
07/Apr/2019:16:38:45 +0000	79.73.65.138	/IRS/info.php 
07/Apr/2019:16:38:45 +0000	79.73.65.138	/IRS/i.php 
07/Apr/2019:16:38:45 +0000	79.73.65.138	/IRS/j.php 
07/Apr/2019:16:38:45 +0000	79.73.65.138	/IRS/k2ll33d.php 
07/Apr/2019:16:38:46 +0000	79.73.65.138	/IRS/k2ll.php 
07/Apr/2019:16:38:46 +0000	79.73.65.138	/IRS/love.php 
07/Apr/2019:16:38:46 +0000	79.73.65.138	/IRS/ls.php 
07/Apr/2019:16:38:46 +0000	79.73.65.138	/IRS/n.php 
07/Apr/2019:16:38:46 +0000	79.73.65.138	/IRS/o.php 
07/Apr/2019:16:38:46 +0000	79.73.65.138	/IRS/p.php 
07/Apr/2019:16:38:47 +0000	79.73.65.138	/IRS/q.php 
07/Apr/2019:16:38:47 +0000	79.73.65.138	/IRS/r00t-s3c.php 
07/Apr/2019:16:38:47 +0000	79.73.65.138	/IRS/r0ot.php 
07/Apr/2019:16:38:47 +0000	79.73.65.138	/IRS/rhuk_milkyway 
07/Apr/2019:16:38:48 +0000	79.73.65.138	/IRS/sado.php 
07/Apr/2019:16:38:48 +0000	79.73.65.138	/IRS/sea.php 
07/Apr/2019:16:38:48 +0000	79.73.65.138	/IRS/Server 
07/Apr/2019:16:38:48 +0000	79.73.65.138	/IRS/sitemap-core.php 
07/Apr/2019:16:38:48 +0000	79.73.65.138	/IRS/sniper.php 
07/Apr/2019:16:38:49 +0000	79.73.65.138	/IRS/sos.php 
07/Apr/2019:16:38:49 +0000	79.73.65.138	/IRS/s.php 
07/Apr/2019:16:38:49 +0000	79.73.65.138	/IRS/spy.aspx 
07/Apr/2019:16:38:49 +0000	79.73.65.138	/IRS/sql-new.php 
07/Apr/2019:16:38:49 +0000	79.73.65.138	/IRS/ssl.php 
07/Apr/2019:16:38:50 +0000	79.73.65.138	/IRS/Sym.php 
07/Apr/2019:16:38:50 +0000	79.73.65.138	/IRS/sysadmins 
07/Apr/2019:16:38:50 +0000	79.73.65.138	/IRS/term.php 
07/Apr/2019:16:38:50 +0000	79.73.65.138	/IRS/test.txt 
07/Apr/2019:16:38:50 +0000	79.73.65.138	/IRS/t.php 
07/Apr/2019:16:38:50 +0000	79.73.65.138	/IRS/up 
07/Apr/2019:16:38:51 +0000	79.73.65.138	/IRS/upload 
07/Apr/2019:16:38:51 +0000	79.73.65.138	/IRS/useradmin 
07/Apr/2019:16:38:51 +0000	79.73.65.138	/IRS/v.php 
07/Apr/2019:16:38:51 +0000	79.73.65.138	/IRS/webadmin.html 
07/Apr/2019:16:38:51 +0000	79.73.65.138	/IRS/web.php 
07/Apr/2019:16:38:52 +0000	79.73.65.138	/IRS/widget.php 
07/Apr/2019:16:38:52 +0000	79.73.65.138	/IRS/wp.zip 
07/Apr/2019:16:38:52 +0000	79.73.65.138	/IRS/X.php 
07/Apr/2019:16:38:52 +0000	79.73.65.138	/IRS/y.php 
07/Apr/2019:16:38:53 +0000	79.73.65.138	/IRS/z.php 
07/Apr/2019:16:38:53 +0000	79.73.65.138	/IRS/leafmailer.php 
07/Apr/2019:16:38:53 +0000	79.73.65.138	/IRS/afav.php 
07/Apr/2019:16:38:54 +0000	79.73.65.138	/IRS/wp-settings.php 
07/Apr/2019:16:39:00 +0000	79.73.65.138	/IRS/index11.php 
07/Apr/2019:16:39:01 +0000	79.73.65.138	/IRS/aa.php 
07/Apr/2019:16:39:01 +0000	79.73.65.138	/IRS/unzip.php 
07/Apr/2019:16:39:01 +0000	79.73.65.138	/IRS/db.php 
07/Apr/2019:16:39:01 +0000	79.73.65.138	/IRS/13.php 
07/Apr/2019:16:39:01 +0000	79.73.65.138	/IRS/wp-info.php 
07/Apr/2019:16:39:01 +0000	79.73.65.138	/IRS/black.prot.php 
07/Apr/2019:16:39:02 +0000	79.73.65.138	/IRS/325.php 
07/Apr/2019:16:39:02 +0000	79.73.65.138	/IRS/xupe.php 
07/Apr/2019:16:39:02 +0000	79.73.65.138	/IRS/leaf.php 
07/Apr/2019:16:39:02 +0000	79.73.65.138	/IRS/c1.php 
07/Apr/2019:16:39:03 +0000	79.73.65.138	/IRS/test.php 
07/Apr/2019:16:39:03 +0000	79.73.65.138	/IRS/wp-mail.php 
07/Apr/2019:16:39:03 +0000	79.73.65.138	/IRS/xmlrpc.php 
07/Apr/2019:16:39:04 +0000	79.73.65.138	/IRS/wp-signup.php 
07/Apr/2019:16:39:04 +0000	79.73.65.138	/IRS/wp-config.php 
07/Apr/2019:16:39:05 +0000	79.73.65.138	/IRS/wp-trackback.php 
07/Apr/2019:16:39:05 +0000	79.73.65.138	/IRS/wp-login.php 
07/Apr/2019:16:39:05 +0000	79.73.65.138	/IRS/wp-load.php 
07/Apr/2019:16:39:05 +0000	79.73.65.138	/IRS/wp-blog-header.php 
07/Apr/2019:16:39:05 +0000	79.73.65.138	/IRS/wp-links-opml.php 
07/Apr/2019:16:39:06 +0000	79.73.65.138	/IRS/wp-activate.php 
07/Apr/2019:16:39:07 +0000	79.73.65.138	/IRS/wp-cron.php 
07/Apr/2019:16:39:07 +0000	79.73.65.138	/IRS/Unzipi.php 
07/Apr/2019:16:39:07 +0000	79.73.65.138	/IRS/wp-comments-post.php 
07/Apr/2019:16:39:08 +0000	79.73.65.138	/IRS/readme.html 
07/Apr/2019:16:39:09 +0000	79.73.65.138	/IRS/wp-config-sample.php 
07/Apr/2019:16:39:09 +0000	79.73.65.138	/IRS/file.php 
07/Apr/2019:16:39:09 +0000	79.73.65.138	/IRS/css.php 
07/Apr/2019:16:39:09 +0000	79.73.65.138	/IRS/defult.php 
07/Apr/2019:16:39:09 +0000	79.73.65.138	/IRS/error.php 
07/Apr/2019:16:39:10 +0000	79.73.65.138	/IRS/v3.php 
07/Apr/2019:16:39:10 +0000	79.73.65.138	/IRS/phpmailer.php 
07/Apr/2019:16:39:10 +0000	79.73.65.138	/IRS/unzipper.php 
07/Apr/2019:16:39:10 +0000	79.73.65.138	/IRS/sdb.php 
07/Apr/2019:16:39:10 +0000	79.73.65.138	/IRS/whois.php 
07/Apr/2019:16:39:11 +0000	79.73.65.138	/IRS/wp-asyncio.php 
07/Apr/2019:16:39:12 +0000	79.73.65.138	/IRS/wp-assign.php 
07/Apr/2019:16:39:12 +0000	79.73.65.138	/IRS/guest.php 
07/Apr/2019:16:39:13 +0000	79.73.65.138	/IRS/wp-pages.php 
07/Apr/2019:16:39:13 +0000	79.73.65.138	/IRS/wp-count.php 
07/Apr/2019:16:39:13 +0000	79.73.65.138	/IRS/wp-counter.php 
07/Apr/2019:16:39:13 +0000	79.73.65.138	/IRS/wp-connect.php 
07/Apr/2019:16:39:13 +0000	79.73.65.138	/IRS/wp_count.php 
07/Apr/2019:16:39:13 +0000	79.73.65.138	/IRS/zoplo.php 
07/Apr/2019:16:39:14 +0000	79.73.65.138	/IRS/woplo.php 
07/Apr/2019:16:39:14 +0000	79.73.65.138	/IRS/getid3s.php 
07/Apr/2019:16:39:14 +0000	79.73.65.138	/IRS/page.php 
07/Apr/2019:16:39:14 +0000	79.73.65.138	/IRS/article.php 
07/Apr/2019:16:39:14 +0000	79.73.65.138	/IRS/login.php 
07/Apr/2019:16:39:14 +0000	79.73.65.138	/IRS/search.php 
07/Apr/2019:16:39:15 +0000	79.73.65.138	/ 
07/Apr/2019:16:39:15 +0000	79.73.65.138	/bank.php 
07/Apr/2019:16:39:15 +0000	79.73.65.138	/c99.php 
07/Apr/2019:16:39:15 +0000	79.73.65.138	/k.php 
07/Apr/2019:16:39:15 +0000	79.73.65.138	/r57.php 
07/Apr/2019:16:39:15 +0000	79.73.65.138	/root.php 
07/Apr/2019:16:39:16 +0000	79.73.65.138	/shell.php 
07/Apr/2019:16:39:16 +0000	79.73.65.138	/wp.php 
07/Apr/2019:16:39:16 +0000	79.73.65.138	/wso.php 
07/Apr/2019:16:39:16 +0000	79.73.65.138	/xml.php 
07/Apr/2019:16:39:16 +0000	79.73.65.138	/mysql.php 
07/Apr/2019:16:39:16 +0000	79.73.65.138	/webadmin.php 
07/Apr/2019:16:39:17 +0000	79.73.65.138	/admin.php 
07/Apr/2019:16:39:17 +0000	79.73.65.138	/cmd.php 
07/Apr/2019:16:39:17 +0000	79.73.65.138	/sh.php 
07/Apr/2019:16:39:17 +0000	79.73.65.138	/wsoshell.php 
07/Apr/2019:16:39:17 +0000	79.73.65.138	/wso2.php 
07/Apr/2019:16:39:17 +0000	79.73.65.138	/x505x.php 
07/Apr/2019:16:39:18 +0000	79.73.65.138	/ws.php 
07/Apr/2019:16:39:18 +0000	79.73.65.138	/2017.php 
07/Apr/2019:16:39:18 +0000	79.73.65.138	/w.php 
07/Apr/2019:16:39:18 +0000	79.73.65.138	/11.php 
07/Apr/2019:16:39:18 +0000	79.73.65.138	/w0rm.php 
07/Apr/2019:16:39:18 +0000	79.73.65.138	/webadmin.phtml 
07/Apr/2019:16:39:19 +0000	79.73.65.138	/v0.php 
07/Apr/2019:16:39:19 +0000	79.73.65.138	/kk.php 
07/Apr/2019:16:39:19 +0000	79.73.65.138	/conf.php 
07/Apr/2019:16:39:19 +0000	79.73.65.138	/kok1.php 
07/Apr/2019:16:39:19 +0000	79.73.65.138	/mms.php 
07/Apr/2019:16:39:20 +0000	79.73.65.138	/inbox1.php 
07/Apr/2019:16:39:20 +0000	79.73.65.138	/1n73ction.php 
07/Apr/2019:16:39:20 +0000	79.73.65.138	/2016.php 
07/Apr/2019:16:39:20 +0000	79.73.65.138	/555.html 
07/Apr/2019:16:39:20 +0000	79.73.65.138	/asp.asp 
07/Apr/2019:16:39:20 +0000	79.73.65.138	/b374k.php 
07/Apr/2019:16:39:21 +0000	79.73.65.138	/cache.php 
07/Apr/2019:16:39:21 +0000	79.73.65.138	/cgi.php 
07/Apr/2019:16:39:21 +0000	79.73.65.138	/dd.php 
07/Apr/2019:16:39:21 +0000	79.73.65.138	/GaZa.php 
07/Apr/2019:16:39:21 +0000	79.73.65.138	/g.php 
07/Apr/2019:16:39:21 +0000	79.73.65.138	/hatchbacki_reg.php 
07/Apr/2019:16:39:22 +0000	79.73.65.138	/idv6.gif 
07/Apr/2019:16:39:22 +0000	79.73.65.138	/injectionv3.php 
07/Apr/2019:16:39:22 +0000	79.73.65.138	/kacak.asp 
07/Apr/2019:16:39:22 +0000	79.73.65.138	/kacak.php 
07/Apr/2019:16:39:22 +0000	79.73.65.138	/klasvayv.asp 
07/Apr/2019:16:39:22 +0000	79.73.65.138	/liz0zim.php 
07/Apr/2019:16:39:23 +0000	79.73.65.138	/..php 
07/Apr/2019:16:39:23 +0000	79.73.65.138	/PHPJackal.php 
07/Apr/2019:16:39:23 +0000	79.73.65.138	/pouyaserver.asp 
07/Apr/2019:16:39:23 +0000	79.73.65.138	/safe0ver.php 
07/Apr/2019:16:39:23 +0000	79.73.65.138	/syrian.php 
07/Apr/2019:16:39:23 +0000	79.73.65.138	/tryag.php 
07/Apr/2019:16:39:24 +0000	79.73.65.138	/tryagshell.php 
07/Apr/2019:16:39:24 +0000	79.73.65.138	/webroot.php 
07/Apr/2019:16:39:25 +0000	79.73.65.138	/zehir4shell.asp 
07/Apr/2019:16:39:25 +0000	79.73.65.138	/1.php 
07/Apr/2019:16:39:25 +0000	79.73.65.138	/2.php 
07/Apr/2019:16:39:25 +0000	79.73.65.138	/3.php 
07/Apr/2019:16:39:25 +0000	79.73.65.138	/m.php 
07/Apr/2019:16:39:25 +0000	79.73.65.138	/a.php 
07/Apr/2019:16:39:26 +0000	79.73.65.138	/r.php 
07/Apr/2019:16:39:26 +0000	79.73.65.138	/4.php 
07/Apr/2019:16:39:26 +0000	79.73.65.138	/5.php 
07/Apr/2019:16:39:26 +0000	79.73.65.138	/304.php 
07/Apr/2019:16:39:26 +0000	79.73.65.138	/403.php 
07/Apr/2019:16:39:26 +0000	79.73.65.138	/404.php 
07/Apr/2019:16:39:27 +0000	79.73.65.138	/502.php 
07/Apr/2019:16:39:27 +0000	79.73.65.138	/5327.php 
07/Apr/2019:16:39:27 +0000	79.73.65.138	/552dHHHHHHHHFFFFF5.php.php 
07/Apr/2019:16:39:27 +0000	79.73.65.138	/7892.php 
07/Apr/2019:16:39:27 +0000	79.73.65.138	/admins.php 
07/Apr/2019:16:39:27 +0000	79.73.65.138	/ajax.php 
07/Apr/2019:16:39:28 +0000	79.73.65.138	/akismet.php 
07/Apr/2019:16:39:28 +0000	79.73.65.138	/anzost.php 
07/Apr/2019:16:39:28 +0000	79.73.65.138	/authorize.php 
07/Apr/2019:16:39:28 +0000	79.73.65.138	/b4ck.php 
07/Apr/2019:16:39:28 +0000	79.73.65.138	/backup.php 
07/Apr/2019:16:39:29 +0000	79.73.65.138	/Black.php 
07/Apr/2019:16:39:29 +0000	79.73.65.138	/c100.php 
07/Apr/2019:16:39:29 +0000	79.73.65.138	/cacheplugin.php 
07/Apr/2019:16:39:30 +0000	79.73.65.138	/cashe.php 
07/Apr/2019:16:39:30 +0000	79.73.65.138	/config.php 
07/Apr/2019:16:39:30 +0000	79.73.65.138	/configs.php 
07/Apr/2019:16:39:30 +0000	79.73.65.138	/conflg.php 
07/Apr/2019:16:39:30 +0000	79.73.65.138	/count.php 
07/Apr/2019:16:39:30 +0000	79.73.65.138	/cpanel.php 
07/Apr/2019:16:39:31 +0000	79.73.65.138	/cpn.php 
07/Apr/2019:16:39:31 +0000	79.73.65.138	/cp.php 
07/Apr/2019:16:39:31 +0000	79.73.65.138	/d00.php 
07/Apr/2019:16:39:31 +0000	79.73.65.138	/dam.php 
07/Apr/2019:16:39:31 +0000	79.73.65.138	/data.php 
07/Apr/2019:16:39:31 +0000	79.73.65.138	/dbase.php 
07/Apr/2019:16:39:32 +0000	79.73.65.138	/dirs.php 
07/Apr/2019:16:39:32 +0000	79.73.65.138	/d.php 
07/Apr/2019:16:39:32 +0000	79.73.65.138	/dz1.php 
07/Apr/2019:16:39:32 +0000	79.73.65.138	/dz.php 
07/Apr/2019:16:39:32 +0000	79.73.65.138	/footer.php 
07/Apr/2019:16:39:33 +0000	79.73.65.138	/functions.php 
07/Apr/2019:16:39:33 +0000	79.73.65.138	/gaza.php 
07/Apr/2019:16:39:33 +0000	79.73.65.138	/get.php 
07/Apr/2019:16:39:33 +0000	79.73.65.138	/green.php 
07/Apr/2019:16:39:33 +0000	79.73.65.138	/guarding.php 
07/Apr/2019:16:39:33 +0000	79.73.65.138	/header.php 
07/Apr/2019:16:39:34 +0000	79.73.65.138	/hmei7mailer.php 
07/Apr/2019:16:39:34 +0000	79.73.65.138	/homepage.php 
07/Apr/2019:16:39:34 +0000	79.73.65.138	/hung.php 
07/Apr/2019:16:39:34 +0000	79.73.65.138	/inbox.php 
07/Apr/2019:16:39:34 +0000	79.73.65.138	/inbx.php 
07/Apr/2019:16:39:34 +0000	79.73.65.138	/include.php 
07/Apr/2019:16:39:35 +0000	79.73.65.138	/ini.php 
07/Apr/2019:16:39:35 +0000	79.73.65.138	/interface.php 
07/Apr/2019:16:39:35 +0000	79.73.65.138	/int.php 
07/Apr/2019:16:39:35 +0000	79.73.65.138	/jb.php 
07/Apr/2019:16:39:35 +0000	79.73.65.138	/jo.php 
07/Apr/2019:16:39:36 +0000	79.73.65.138	/killer.php 
07/Apr/2019:16:39:36 +0000	79.73.65.138	/lang.php 
07/Apr/2019:16:39:36 +0000	79.73.65.138	/law.php 
07/Apr/2019:16:39:36 +0000	79.73.65.138	/libs.php 
07/Apr/2019:16:39:36 +0000	79.73.65.138	/log.php 
07/Apr/2019:16:39:36 +0000	79.73.65.138	/lol.php 
07/Apr/2019:16:39:37 +0000	79.73.65.138	/l.php 
07/Apr/2019:16:39:37 +0000	79.73.65.138	/madspot.php 
07/Apr/2019:16:39:37 +0000	79.73.65.138	/mailer.php 
07/Apr/2019:16:39:37 +0000	79.73.65.138	/mailerx.php 
07/Apr/2019:16:39:37 +0000	79.73.65.138	/mail.php 
07/Apr/2019:16:39:38 +0000	79.73.65.138	/mails.php 
07/Apr/2019:16:39:38 +0000	79.73.65.138	/maxo.php 
07/Apr/2019:16:39:38 +0000	79.73.65.138	/mlr2.php 
07/Apr/2019:16:39:38 +0000	79.73.65.138	/plugins.php 
07/Apr/2019:16:39:38 +0000	79.73.65.138	/post.php 
07/Apr/2019:16:39:38 +0000	79.73.65.138	/press.php 
07/Apr/2019:16:39:39 +0000	79.73.65.138	/priv8.php 
07/Apr/2019:16:39:39 +0000	79.73.65.138	/r00t.php 
07/Apr/2019:16:39:39 +0000	79.73.65.138	/red.php 
07/Apr/2019:16:39:40 +0000	79.73.65.138	/sa.php 
07/Apr/2019:16:39:40 +0000	79.73.65.138	/sent.php 
07/Apr/2019:16:39:40 +0000	79.73.65.138	/session.php 
07/Apr/2019:16:39:41 +0000	79.73.65.138	/Sh3ll.php 
07/Apr/2019:16:39:41 +0000	79.73.65.138	/sql.php 
07/Apr/2019:16:39:41 +0000	79.73.65.138	/stats.php 
07/Apr/2019:16:39:41 +0000	79.73.65.138	/symlink.php 
07/Apr/2019:16:39:41 +0000	79.73.65.138	/sYm.php 
07/Apr/2019:16:39:42 +0000	79.73.65.138	/sys_conf.php 
07/Apr/2019:16:39:42 +0000	79.73.65.138	/sysinfo.php 
07/Apr/2019:16:39:42 +0000	79.73.65.138	/syslib.php 
07/Apr/2019:16:39:42 +0000	79.73.65.138	/systemscash.php 
07/Apr/2019:16:39:42 +0000	79.73.65.138	/t00.php 
07/Apr/2019:16:39:42 +0000	79.73.65.138	/template.php 
07/Apr/2019:16:39:43 +0000	79.73.65.138	/themes.php 
07/Apr/2019:16:39:43 +0000	79.73.65.138	/title.php 
07/Apr/2019:16:39:43 +0000	79.73.65.138	/tmp-header.php 
07/Apr/2019:16:39:43 +0000	79.73.65.138	/tmp.php 
07/Apr/2019:16:39:44 +0000	79.73.65.138	/toibb.php 
07/Apr/2019:16:39:44 +0000	79.73.65.138	/u.php 
07/Apr/2019:16:39:44 +0000	79.73.65.138	/upload.php 
07/Apr/2019:16:39:44 +0000	79.73.65.138	/uploads.php 
07/Apr/2019:16:39:44 +0000	79.73.65.138	/up.php 
07/Apr/2019:16:39:44 +0000	79.73.65.138	/us2.php 
07/Apr/2019:16:39:45 +0000	79.73.65.138	/user.php 
07/Apr/2019:16:39:45 +0000	79.73.65.138	/users.php 
07/Apr/2019:16:39:45 +0000	79.73.65.138	/wp-confiq.php 
07/Apr/2019:16:39:45 +0000	79.73.65.138	/wp-conf.php 
07/Apr/2019:16:39:45 +0000	79.73.65.138	/wp-conn.php 
07/Apr/2019:16:39:45 +0000	79.73.65.138	/wp-jrvlgtp.php 
07/Apr/2019:16:39:46 +0000	79.73.65.138	/wp-lib.php 
07/Apr/2019:16:39:46 +0000	79.73.65.138	/wp-logins.php 
07/Apr/2019:16:39:46 +0000	79.73.65.138	/wpsen64.php 
07/Apr/2019:16:39:46 +0000	79.73.65.138	/wp-upload.php 
07/Apr/2019:16:39:46 +0000	79.73.65.138	/WSO.php 
07/Apr/2019:16:39:47 +0000	79.73.65.138	/xd.php 
07/Apr/2019:16:39:47 +0000	79.73.65.138	/x.php 
07/Apr/2019:16:39:47 +0000	79.73.65.138	/xysdosiu.php 
07/Apr/2019:16:39:47 +0000	79.73.65.138	/zbbss.php 
07/Apr/2019:16:39:47 +0000	79.73.65.138	/zreon.php 
07/Apr/2019:16:39:47 +0000	79.73.65.138	/sop.php 
07/Apr/2019:16:39:48 +0000	79.73.65.138	/x4d.php 
07/Apr/2019:16:39:48 +0000	79.73.65.138	/linux.php 
07/Apr/2019:16:39:48 +0000	79.73.65.138	/opio.php 
07/Apr/2019:16:39:48 +0000	79.73.65.138	/view.html.php 
07/Apr/2019:16:39:48 +0000	79.73.65.138	/si.php 
07/Apr/2019:16:39:49 +0000	79.73.65.138	/php_info.php 
07/Apr/2019:16:39:49 +0000	79.73.65.138	/htaccess.php 
07/Apr/2019:16:39:49 +0000	79.73.65.138	/0day.php 
07/Apr/2019:16:39:49 +0000	79.73.65.138	/10.php 
07/Apr/2019:16:39:49 +0000	79.73.65.138	/123.php 
07/Apr/2019:16:39:50 +0000	79.73.65.138	/12.php 
07/Apr/2019:16:39:50 +0000	79.73.65.138	/6.php 
07/Apr/2019:16:39:50 +0000	79.73.65.138	/7.php 
07/Apr/2019:16:39:51 +0000	79.73.65.138	/8.php 
07/Apr/2019:16:39:51 +0000	79.73.65.138	/9.php 
07/Apr/2019:16:39:51 +0000	79.73.65.138	/admin1 
07/Apr/2019:16:39:51 +0000	79.73.65.138	/admin2.asp 
07/Apr/2019:16:39:51 +0000	79.73.65.138	/admins 
07/Apr/2019:16:39:52 +0000	79.73.65.138	/anonghost.php 
07/Apr/2019:16:39:52 +0000	79.73.65.138	/anon.php 
07/Apr/2019:16:39:52 +0000	79.73.65.138	/asp.aspx 
07/Apr/2019:16:39:52 +0000	79.73.65.138	/awstats 
07/Apr/2019:16:39:52 +0000	79.73.65.138	/b374.php 
07/Apr/2019:16:39:52 +0000	79.73.65.138	/back.sql 
07/Apr/2019:16:39:53 +0000	79.73.65.138	/backup.sql 
07/Apr/2019:16:39:53 +0000	79.73.65.138	/bluff.php 
07/Apr/2019:16:39:53 +0000	79.73.65.138	/b.php 
07/Apr/2019:16:39:53 +0000	79.73.65.138	/buck.sql 
07/Apr/2019:16:39:53 +0000	79.73.65.138	/cgi.pl 
07/Apr/2019:16:39:54 +0000	79.73.65.138	/configuration.php 
07/Apr/2019:16:39:54 +0000	79.73.65.138	/cpanel 
07/Apr/2019:16:39:54 +0000	79.73.65.138	/Cpanel.php 
07/Apr/2019:16:39:54 +0000	79.73.65.138	/c.php 
07/Apr/2019:16:39:55 +0000	79.73.65.138	/e.php 
07/Apr/2019:16:39:55 +0000	79.73.65.138	/error 
07/Apr/2019:16:39:55 +0000	79.73.65.138	/error_log 
07/Apr/2019:16:39:55 +0000	79.73.65.138	/f.php 
07/Apr/2019:16:39:55 +0000	79.73.65.138	/ftp.txt 
07/Apr/2019:16:39:55 +0000	79.73.65.138	/fuck.php 
07/Apr/2019:16:39:56 +0000	79.73.65.138	/hacked.php 
07/Apr/2019:16:39:56 +0000	79.73.65.138	/hacker.php 
07/Apr/2019:16:39:56 +0000	79.73.65.138	/hello.php 
07/Apr/2019:16:39:56 +0000	79.73.65.138	/hi.php 
07/Apr/2019:16:39:56 +0000	79.73.65.138	/home 
07/Apr/2019:16:39:56 +0000	79.73.65.138	/home.rar 
07/Apr/2019:16:39:57 +0000	79.73.65.138	/home.tar 
07/Apr/2019:16:39:57 +0000	79.73.65.138	/home.tar.gz 
07/Apr/2019:16:39:57 +0000	79.73.65.138	/home.zip 
07/Apr/2019:16:39:57 +0000	79.73.65.138	/h.php 
07/Apr/2019:16:39:57 +0000	79.73.65.138	/includes.php 
07/Apr/2019:16:39:58 +0000	79.73.65.138	/index.php 
07/Apr/2019:16:39:58 +0000	79.73.65.138	/info.php 
07/Apr/2019:16:39:58 +0000	79.73.65.138	/i.php 
07/Apr/2019:16:39:58 +0000	79.73.65.138	/j.php 
07/Apr/2019:16:39:58 +0000	79.73.65.138	/k2ll33d.php 
07/Apr/2019:16:39:58 +0000	79.73.65.138	/k2ll.php 
07/Apr/2019:16:39:59 +0000	79.73.65.138	/love.php 
07/Apr/2019:16:39:59 +0000	79.73.65.138	/ls.php 
07/Apr/2019:16:39:59 +0000	79.73.65.138	/n.php 
07/Apr/2019:16:40:00 +0000	79.73.65.138	/o.php 
07/Apr/2019:16:40:00 +0000	79.73.65.138	/p.php 
07/Apr/2019:16:40:00 +0000	79.73.65.138	/q.php 
07/Apr/2019:16:40:00 +0000	79.73.65.138	/r00t-s3c.php 
07/Apr/2019:16:40:00 +0000	79.73.65.138	/r0ot.php 
07/Apr/2019:16:40:00 +0000	79.73.65.138	/rhuk_milkyway 
07/Apr/2019:16:40:01 +0000	79.73.65.138	/sado.php 
07/Apr/2019:16:40:01 +0000	79.73.65.138	/sea.php 
07/Apr/2019:16:40:01 +0000	79.73.65.138	/Server 
07/Apr/2019:16:40:01 +0000	79.73.65.138	/sitemap-core.php 
07/Apr/2019:16:40:01 +0000	79.73.65.138	/sniper.php 
07/Apr/2019:16:40:01 +0000	79.73.65.138	/sos.php 
07/Apr/2019:16:40:02 +0000	79.73.65.138	/s.php 
07/Apr/2019:16:40:02 +0000	79.73.65.138	/spy.aspx 
07/Apr/2019:16:40:02 +0000	79.73.65.138	/sql-new.php 
07/Apr/2019:16:40:02 +0000	79.73.65.138	/ssl.php 
07/Apr/2019:16:40:02 +0000	79.73.65.138	/Sym.php 
07/Apr/2019:16:40:03 +0000	79.73.65.138	/sysadmins 
07/Apr/2019:16:40:03 +0000	79.73.65.138	/term.php 
07/Apr/2019:16:40:03 +0000	79.73.65.138	/test.txt 
07/Apr/2019:16:40:03 +0000	79.73.65.138	/t.php 
07/Apr/2019:16:40:03 +0000	79.73.65.138	/up 
07/Apr/2019:16:40:04 +0000	79.73.65.138	/upload 
07/Apr/2019:16:40:04 +0000	79.73.65.138	/useradmin 
07/Apr/2019:16:40:04 +0000	79.73.65.138	/v.php 
07/Apr/2019:16:40:04 +0000	79.73.65.138	/webadmin.html 
07/Apr/2019:16:40:05 +0000	79.73.65.138	/web.php 
07/Apr/2019:16:40:05 +0000	79.73.65.138	/widget.php 
07/Apr/2019:16:40:05 +0000	79.73.65.138	/wp.zip 
07/Apr/2019:16:40:05 +0000	79.73.65.138	/X.php 
07/Apr/2019:16:40:05 +0000	79.73.65.138	/y.php 
07/Apr/2019:16:40:05 +0000	79.73.65.138	/z.php 
07/Apr/2019:16:40:06 +0000	79.73.65.138	/leafmailer.php 
07/Apr/2019:16:40:06 +0000	79.73.65.138	/afav.php 
07/Apr/2019:16:40:06 +0000	79.73.65.138	/wp-settings.php 
07/Apr/2019:16:40:06 +0000	79.73.65.138	/index11.php 
07/Apr/2019:16:40:06 +0000	79.73.65.138	/aa.php 
07/Apr/2019:16:40:07 +0000	79.73.65.138	/unzip.php 
07/Apr/2019:16:40:07 +0000	79.73.65.138	/db.php 
07/Apr/2019:16:40:07 +0000	79.73.65.138	/13.php 
07/Apr/2019:16:40:07 +0000	79.73.65.138	/wp-info.php 
07/Apr/2019:16:40:07 +0000	79.73.65.138	/black.prot.php 
07/Apr/2019:16:40:08 +0000	79.73.65.138	/325.php 
07/Apr/2019:16:40:08 +0000	79.73.65.138	/xupe.php 
07/Apr/2019:16:40:08 +0000	79.73.65.138	/leaf.php 
07/Apr/2019:16:40:08 +0000	79.73.65.138	/c1.php 
07/Apr/2019:16:40:08 +0000	79.73.65.138	/test.php 
07/Apr/2019:16:40:09 +0000	79.73.65.138	/wp-mail.php 
07/Apr/2019:16:40:09 +0000	79.73.65.138	/xmlrpc.php 
07/Apr/2019:16:40:09 +0000	79.73.65.138	/wp-signup.php 
07/Apr/2019:16:40:09 +0000	79.73.65.138	/wp-config.php 
07/Apr/2019:16:40:09 +0000	79.73.65.138	/wp-trackback.php 
07/Apr/2019:16:40:10 +0000	79.73.65.138	/wp-login.php 
07/Apr/2019:16:40:10 +0000	79.73.65.138	/wp-load.php 
07/Apr/2019:16:40:10 +0000	79.73.65.138	/wp-blog-header.php 
07/Apr/2019:16:40:10 +0000	79.73.65.138	/wp-links-opml.php 
07/Apr/2019:16:40:10 +0000	79.73.65.138	/wp-activate.php 
07/Apr/2019:16:40:10 +0000	79.73.65.138	/wp-cron.php 
07/Apr/2019:16:40:11 +0000	79.73.65.138	/Unzipi.php 
07/Apr/2019:16:40:11 +0000	79.73.65.138	/wp-comments-post.php 
07/Apr/2019:16:40:11 +0000	79.73.65.138	/readme.html 
07/Apr/2019:16:40:12 +0000	79.73.65.138	/wp-config-sample.php 
07/Apr/2019:16:40:12 +0000	79.73.65.138	/file.php 
07/Apr/2019:16:40:12 +0000	79.73.65.138	/css.php 
07/Apr/2019:16:40:12 +0000	79.73.65.138	/defult.php 
07/Apr/2019:16:40:12 +0000	79.73.65.138	/error.php 
07/Apr/2019:16:40:13 +0000	79.73.65.138	/v3.php 
07/Apr/2019:16:40:13 +0000	79.73.65.138	/phpmailer.php 
07/Apr/2019:16:40:13 +0000	79.73.65.138	/unzipper.php 
07/Apr/2019:16:40:14 +0000	79.73.65.138	/sdb.php 
07/Apr/2019:16:40:14 +0000	79.73.65.138	/whois.php 
07/Apr/2019:16:40:14 +0000	79.73.65.138	/wp-asyncio.php 
07/Apr/2019:16:40:14 +0000	79.73.65.138	/wp-assign.php 
07/Apr/2019:16:40:14 +0000	79.73.65.138	/guest.php 
07/Apr/2019:16:40:15 +0000	79.73.65.138	/wp-pages.php 
07/Apr/2019:16:40:15 +0000	79.73.65.138	/wp-count.php 
07/Apr/2019:16:40:15 +0000	79.73.65.138	/wp-counter.php 
07/Apr/2019:16:40:15 +0000	79.73.65.138	/wp-connect.php 
07/Apr/2019:16:40:15 +0000	79.73.65.138	/wp_count.php 
07/Apr/2019:16:40:16 +0000	79.73.65.138	/zoplo.php 
07/Apr/2019:16:40:16 +0000	79.73.65.138	/woplo.php 
07/Apr/2019:16:40:16 +0000	79.73.65.138	/getid3s.php 
07/Apr/2019:16:40:16 +0000	79.73.65.138	/page.php 
07/Apr/2019:16:40:17 +0000	79.73.65.138	/article.php 
07/Apr/2019:16:40:17 +0000	79.73.65.138	/login.php 
07/Apr/2019:16:40:17 +0000	79.73.65.138	/search.php 
07/Apr/2019:16:40:21 +0000	84.93.108.37	/ 
07/Apr/2019:16:40:21 +0000	46.101.94.163	/ 
07/Apr/2019:16:40:21 +0000	185.220.70.133	/ 
07/Apr/2019:16:40:22 +0000	196.251.88.135	/ 
07/Apr/2019:16:40:33 +0000	196.251.88.135	/ 
07/Apr/2019:16:42:18 +0000	139.59.4.194	/ 
07/Apr/2019:16:45:31 +0000	40.91.75.15	/IRS/ 
07/Apr/2019:16:45:31 +0000	40.91.75.15	/IRS/style/css/styles-nonie-1022.css 
07/Apr/2019:16:45:31 +0000	40.91.75.15	/IRS/style/css/password-feedback-styles-nonie-1024.css 
07/Apr/2019:16:45:31 +0000	40.91.75.15	/IRS/style/css/table.css 
07/Apr/2019:16:45:31 +0000	40.91.75.15	/IRS/style/css/logo.png 
07/Apr/2019:16:45:31 +0000	40.91.75.15	/IRS/style/css/button_create_account.jpg 
07/Apr/2019:16:45:31 +0000	40.91.75.15	/IRS/style/css/button_login.jpg 
07/Apr/2019:16:45:34 +0000	40.91.75.15	/IRS/style/css/2018-09-13_122514.png 
07/Apr/2019:16:46:17 +0000	69.164.145.168	/IRS/ 
07/Apr/2019:16:46:17 +0000	69.164.145.168	/IRS/ 
07/Apr/2019:16:46:17 +0000	69.164.145.168	/IRS/style/css/table.css 
07/Apr/2019:16:46:17 +0000	69.164.145.168	/IRS/style/css/styles-nonie-1022.css 
07/Apr/2019:16:46:17 +0000	69.164.145.168	/IRS/style/css/password-feedback-styles-nonie-1024.css 
07/Apr/2019:16:46:17 +0000	69.164.145.168	/IRS/style/css/button_create_account.jpg 
07/Apr/2019:16:46:17 +0000	69.164.145.168	/IRS/style/css/button_login.jpg 
07/Apr/2019:16:46:17 +0000	69.164.145.168	/IRS/style/css/logo.png 
07/Apr/2019:16:46:17 +0000	69.164.145.168	/IRS/style/css/2018-09-13_122514.png 
07/Apr/2019:16:46:17 +0000	69.164.145.168	/IRS/ 
07/Apr/2019:17:05:18 +0000	204.101.161.159	/ 
07/Apr/2019:17:05:18 +0000	204.101.161.159	/ 
07/Apr/2019:17:15:40 +0000	34.216.246.69	/IRS 
07/Apr/2019:17:15:40 +0000	34.216.246.69	/IRS/ 
07/Apr/2019:17:17:03 +0000	52.41.100.69	/IRS 
07/Apr/2019:17:17:03 +0000	52.41.100.69	/IRS/ 
07/Apr/2019:17:17:03 +0000	52.41.100.69	/IRS/style/css/styles-nonie-1022.css 
07/Apr/2019:17:17:04 +0000	52.41.100.69	/IRS/style/css/button_create_account.jpg 
07/Apr/2019:17:17:04 +0000	52.41.100.69	/IRS/style/css/button_login.jpg 
07/Apr/2019:17:17:04 +0000	52.41.100.69	/IRS/style/css/table.css 
07/Apr/2019:17:17:04 +0000	52.41.100.69	/IRS/style/css/logo.png 
07/Apr/2019:17:17:04 +0000	52.41.100.69	/IRS/style/css/password-feedback-styles-nonie-1024.css 
07/Apr/2019:17:21:03 +0000	212.62.211.191	/IRS 
07/Apr/2019:17:21:03 +0000	212.62.211.191	/IRS/ 
07/Apr/2019:17:21:15 +0000	212.62.211.191	/IRS/ 
07/Apr/2019:17:22:05 +0000	212.62.211.191	/IRS 
07/Apr/2019:17:22:05 +0000	212.62.211.191	/IRS/ 
07/Apr/2019:17:34:08 +0000	34.220.40.173	/blog/ 
07/Apr/2019:17:34:11 +0000	54.212.225.119	/IRS/ 
07/Apr/2019:17:34:18 +0000	18.236.220.237	/blog/ 
07/Apr/2019:17:35:46 +0000	54.201.200.187	/IRS/ 
07/Apr/2019:17:36:04 +0000	188.166.98.249	/IRS/ 
07/Apr/2019:17:36:05 +0000	188.166.98.249	/blog/ 
07/Apr/2019:17:36:05 +0000	188.166.98.249	/IRS/ 
07/Apr/2019:17:36:06 +0000	188.166.98.249	/blog/ 
07/Apr/2019:17:36:06 +0000	188.166.98.249	/IRS/ 
07/Apr/2019:17:36:06 +0000	188.166.98.249	/blog/ 
07/Apr/2019:17:36:06 +0000	188.166.98.249	/IRS/system/send_login.php 
07/Apr/2019:17:36:06 +0000	188.166.98.249	/IRS/system/send_login.php 
07/Apr/2019:17:36:06 +0000	188.166.98.249	/IRS/system/send_login.php 
07/Apr/2019:17:40:23 +0000	52.28.3.120	/ 
07/Apr/2019:17:40:30 +0000	52.59.102.42	/ 
07/Apr/2019:22:42:57 +0000	51.15.124.33	/ 
07/Apr/2019:23:46:13 +0000	104.42.198.99	/IRS/ 
08/Apr/2019:03:21:51 +0000	54.90.89.124	/IRS/ 
08/Apr/2019:03:21:51 +0000	54.90.89.124	/IRS/style/css/styles-nonie-1022.css 
08/Apr/2019:03:21:51 +0000	54.90.89.124	/IRS/style/css/table.css 
08/Apr/2019:03:21:51 +0000	54.90.89.124	/IRS/style/css/password-feedback-styles-nonie-1024.css 
08/Apr/2019:03:21:51 +0000	54.90.89.124	/IRS/style/css/logo.png 
08/Apr/2019:03:21:51 +0000	54.90.89.124	/IRS/style/css/button_create_account.jpg 
08/Apr/2019:03:21:51 +0000	54.90.89.124	/IRS/style/css/button_login.jpg 
08/Apr/2019:03:21:52 +0000	54.91.118.74	/blog/ 
08/Apr/2019:03:21:52 +0000	54.91.118.74	/blog/vendor/bootstrap/css/bootstrap.min.css 
08/Apr/2019:03:21:52 +0000	54.91.118.74	/blog/css/clean-blog.min.css 
08/Apr/2019:03:21:52 +0000	54.91.118.74	/blog/vendor/font-awesome/css/font-awesome.min.css 
08/Apr/2019:03:21:52 +0000	54.91.118.74	/blog/vendor/jquery/jquery.min.js 
08/Apr/2019:03:21:52 +0000	54.91.118.74	/blog/vendor/font-awesome/fonts/fontawesome-webfont.woff2?v=4.6.3 
08/Apr/2019:03:21:52 +0000	54.91.118.74	/blog/vendor/bootstrap/js/bootstrap.min.js 
08/Apr/2019:03:21:52 +0000	54.91.118.74	/blog/js/jqBootstrapValidation.js 
08/Apr/2019:03:21:53 +0000	54.91.118.74	/blog/js/contact_me.js 
08/Apr/2019:03:21:53 +0000	54.91.118.74	/blog/js/clean-blog.min.js 
08/Apr/2019:03:21:53 +0000	54.91.118.74	/blog/img/home-bg.jpg 
08/Apr/2019:06:14:56 +0000	204.13.201.138	/ 
08/Apr/2019:06:15:17 +0000	208.87.233.140	/ 
08/Apr/2019:07:11:01 +0000	54.200.223.203	/ 
08/Apr/2019:07:17:26 +0000	52.27.139.152	/ 
08/Apr/2019:11:48:33 +0000	8.28.16.254	/IRS 
08/Apr/2019:11:48:33 +0000	8.28.16.254	/IRS/ 
08/Apr/2019:11:48:33 +0000	91.103.66.202	/IRS/ 
08/Apr/2019:11:48:33 +0000	91.103.66.202	/IRS/style/css/styles-nonie-1022.css 
08/Apr/2019:11:48:33 +0000	8.28.16.254	/IRS/style/css/styles-nonie-1022.css 
08/Apr/2019:11:48:33 +0000	8.28.16.254	/ 
08/Apr/2019:11:48:33 +0000	8.28.16.254	/IRS/style/css/table.css 
08/Apr/2019:11:48:33 +0000	8.28.16.254	/IRS/style/css/password-feedback-styles-nonie-1024.css 
08/Apr/2019:11:48:34 +0000	91.103.66.202	/IRS/style/css/logo.png 
08/Apr/2019:11:48:34 +0000	91.103.66.202	/IRS/style/css/button_create_account.jpg 
08/Apr/2019:11:48:34 +0000	91.103.66.202	/IRS/style/css/button_login.jpg 
08/Apr/2019:11:48:34 +0000	91.103.66.202	/IRS/style/css/table.css 
08/Apr/2019:11:48:34 +0000	91.103.66.202	/IRS/style/css/password-feedback-styles-nonie-1024.css 
08/Apr/2019:11:49:01 +0000	91.103.66.202	/IRS.zip 
08/Apr/2019:16:41:34 +0000	65.52.21.199	/ 
08/Apr/2019:16:55:39 +0000	208.80.194.41	/ 
08/Apr/2019:22:20:20 +0000	89.238.191.155	/ 
09/Apr/2019:06:11:01 +0000	204.13.201.139	/ 
09/Apr/2019:07:13:55 +0000	54.214.223.116	/ 
09/Apr/2019:07:14:26 +0000	34.221.80.56	/ 
09/Apr/2019:07:20:23 +0000	54.200.223.203	/ 
09/Apr/2019:08:21:58 +0000	69.164.111.198	/irs 
09/Apr/2019:08:21:58 +0000	69.164.111.198	/irs 
10/Apr/2019:06:35:04 +0000	204.13.201.137	/ 
10/Apr/2019:06:37:46 +0000	185.220.101.25	/ 
10/Apr/2019:06:53:22 +0000	85.115.52.140	/ 
10/Apr/2019:07:37:56 +0000	54.200.223.203	/ 
10/Apr/2019:07:42:18 +0000	54.201.200.187	/ 
10/Apr/2019:15:30:28 +0000	5.3.185.83	/ 
11/Apr/2019:05:06:57 +0000	69.164.111.198	/irs 
11/Apr/2019:05:06:57 +0000	69.164.111.198	/irs 
11/Apr/2019:05:10:20 +0000	69.164.111.198	/ 
11/Apr/2019:05:54:50 +0000	69.164.111.198	/ 
11/Apr/2019:06:21:29 +0000	204.13.201.138	/ 
11/Apr/2019:06:32:42 +0000	51.77.177.194	/ 
11/Apr/2019:07:24:02 +0000	34.219.36.191	/ 
11/Apr/2019:07:29:03 +0000	34.209.219.61	/ 
11/Apr/2019:07:45:13 +0000	54.200.223.203	/ 
11/Apr/2019:09:19:48 +0000	108.62.3.45	/ 
12/Apr/2019:06:10:56 +0000	204.13.201.139	/ 
12/Apr/2019:06:14:28 +0000	85.115.52.140	/ 
12/Apr/2019:07:14:06 +0000	18.237.77.195	/ 
12/Apr/2019:07:15:08 +0000	54.200.223.203	/ 
12/Apr/2019:07:17:29 +0000	18.237.147.30	/ 
12/Apr/2019:07:46:47 +0000	37.204.4.249	/ 
12/Apr/2019:08:50:33 +0000	92.23.60.189	/IRS/ 
12/Apr/2019:14:45:30 +0000	107.178.194.127	/blog/ 
12/Apr/2019:14:45:30 +0000	204.13.201.138	/blog/ 
12/Apr/2019:14:45:30 +0000	107.178.194.123	/IRS/ 
12/Apr/2019:14:45:30 +0000	204.13.201.137	/IRS/ 
12/Apr/2019:14:45:31 +0000	208.87.233.140	/IRS 
12/Apr/2019:14:45:31 +0000	208.87.233.140	/IRS/ 
12/Apr/2019:15:00:32 +0000	36.224.53.195	/IRS 
12/Apr/2019:15:00:32 +0000	36.224.53.195	/IRS/ 
12/Apr/2019:15:05:16 +0000	107.178.194.127	/IRS 
12/Apr/2019:15:05:16 +0000	204.13.201.139	/IRS 
12/Apr/2019:15:05:16 +0000	107.178.194.123	/IRS/ 
12/Apr/2019:15:20:43 +0000	36.224.53.195	/IRS 
12/Apr/2019:15:20:43 +0000	36.224.53.195	/IRS/ 
12/Apr/2019:15:48:11 +0000	54.212.225.119	/blog/ 
12/Apr/2019:15:50:05 +0000	188.166.98.249	/IRS/ 
12/Apr/2019:15:50:05 +0000	188.166.98.249	/IRS/ 
12/Apr/2019:15:50:05 +0000	188.166.98.249	/IRS/ 
12/Apr/2019:15:50:13 +0000	188.166.98.249	/blog/ 
12/Apr/2019:15:50:14 +0000	188.166.98.249	/blog/ 
12/Apr/2019:15:50:14 +0000	188.166.98.249	/blog/ 
12/Apr/2019:15:51:44 +0000	95.26.43.227	/IRS/ 
12/Apr/2019:15:52:11 +0000	193.128.111.36	/IRS 
12/Apr/2019:15:52:12 +0000	193.128.111.103	/IRS/ 
12/Apr/2019:16:00:58 +0000	64.74.215.150	/IRS 
12/Apr/2019:16:00:58 +0000	64.74.215.150	/IRS/ 
12/Apr/2019:16:01:52 +0000	85.115.52.140	/blog 
12/Apr/2019:16:01:57 +0000	85.115.52.140	/blog/ 
12/Apr/2019:16:02:00 +0000	85.115.52.140	/blog/vendor/jquery/jquery.min.js 
12/Apr/2019:16:02:01 +0000	85.115.52.140	/blog/js/contact_me.js 
12/Apr/2019:16:02:01 +0000	85.115.52.140	/blog/vendor/bootstrap/js/bootstrap.min.js 
12/Apr/2019:16:02:01 +0000	85.115.52.140	/blog/js/clean-blog.min.js 
12/Apr/2019:16:02:01 +0000	85.115.52.140	/blog/js/jqBootstrapValidation.js 
12/Apr/2019:16:02:01 +0000	85.115.52.140	/blog/vendor/font-awesome/css/font-awesome.min.css 
12/Apr/2019:16:05:55 +0000	65.154.226.126	/IRS/ 
12/Apr/2019:16:08:06 +0000	34.222.3.28	/IRS 
12/Apr/2019:16:08:06 +0000	34.222.3.28	/IRS/ 
12/Apr/2019:16:08:13 +0000	54.149.93.58	/IRS 
12/Apr/2019:16:08:13 +0000	54.149.93.58	/IRS/ 
12/Apr/2019:16:08:35 +0000	95.26.43.227	/IRS 
12/Apr/2019:16:08:35 +0000	95.26.43.227	/IRS/ 
12/Apr/2019:16:09:08 +0000	67.137.36.66	/IRS/ 
12/Apr/2019:16:10:35 +0000	89.208.29.5	/IRS 
12/Apr/2019:16:10:36 +0000	89.208.29.5	/IRS/ 
12/Apr/2019:16:11:13 +0000	40.90.221.63	/IRS/ 
12/Apr/2019:16:11:16 +0000	40.90.221.63	/favicon.ico 
12/Apr/2019:16:12:40 +0000	34.235.48.77	/IRS 
12/Apr/2019:16:12:40 +0000	34.235.48.77	/IRS/ 
12/Apr/2019:16:15:26 +0000	185.232.22.76	/ 
12/Apr/2019:16:16:36 +0000	178.128.239.126	/IRS 
12/Apr/2019:16:16:36 +0000	178.128.239.126	/IRS/ 
12/Apr/2019:16:18:18 +0000	192.210.213.135	/ 
12/Apr/2019:16:19:26 +0000	65.154.226.126	/IRS 
12/Apr/2019:16:19:26 +0000	65.154.226.126	/IRS/ 
12/Apr/2019:16:19:26 +0000	65.154.226.126	/IRS 
12/Apr/2019:16:19:26 +0000	65.154.226.126	/IRS/ 
12/Apr/2019:16:20:20 +0000	95.26.43.227	/IRS 
12/Apr/2019:16:20:20 +0000	95.26.43.227	/IRS/ 
12/Apr/2019:16:20:56 +0000	64.74.215.146	/IRS 
12/Apr/2019:16:20:56 +0000	64.74.215.146	/IRS/ 
12/Apr/2019:16:24:54 +0000	67.137.36.66	/IRS 
12/Apr/2019:16:24:54 +0000	67.137.36.66	/IRS/ 
12/Apr/2019:16:26:05 +0000	77.139.208.26	/IRS 
12/Apr/2019:16:26:05 +0000	77.139.208.26	/IRS/ 
12/Apr/2019:16:26:06 +0000	77.139.208.26	/IRS 
12/Apr/2019:16:26:06 +0000	77.139.208.26	/IRS/ 
12/Apr/2019:16:30:44 +0000	192.81.222.72	/IRS/ 
12/Apr/2019:16:30:44 +0000	192.81.222.72	/IRS/ 
12/Apr/2019:16:30:45 +0000	192.81.222.72	/IRS/ 
12/Apr/2019:16:30:46 +0000	192.81.222.72	/ 
12/Apr/2019:16:32:45 +0000	173.205.33.31	/IRS/ 
12/Apr/2019:16:35:02 +0000	89.208.29.5	/IRS 
12/Apr/2019:16:35:02 +0000	89.208.29.5	/IRS/ 
12/Apr/2019:16:48:08 +0000	35.203.245.123	/IRS/ 
12/Apr/2019:16:49:37 +0000	211.55.19.11	/IRS/ 
12/Apr/2019:16:54:28 +0000	40.90.219.183	/IRS 
12/Apr/2019:16:54:29 +0000	40.90.219.183	/IRS/ 
12/Apr/2019:16:54:32 +0000	40.90.219.183	/favicon.ico 
12/Apr/2019:17:11:01 +0000	211.55.19.11	/IRS 
12/Apr/2019:17:11:01 +0000	211.55.19.11	/IRS/ 
12/Apr/2019:17:26:24 +0000	173.205.33.26	/IRS 
12/Apr/2019:17:26:24 +0000	173.205.33.17	/IRS/ 
12/Apr/2019:18:11:14 +0000	196.244.199.151	/IRS 
12/Apr/2019:18:11:14 +0000	196.244.199.151	/IRS/ 
12/Apr/2019:19:46:58 +0000	72.12.194.90	/IRS/ 
12/Apr/2019:19:46:58 +0000	72.12.194.90	/IRS.zip 
12/Apr/2019:19:46:58 +0000	72.12.194.91	/IRS/ 
12/Apr/2019:19:46:59 +0000	72.12.194.90	/ 
12/Apr/2019:19:46:59 +0000	72.12.194.91	/IRS 
12/Apr/2019:19:46:59 +0000	72.12.194.91	/IRS/ 
12/Apr/2019:19:46:59 +0000	72.12.194.91	/ 
12/Apr/2019:19:47:04 +0000	72.12.194.91	/IRS/ 
12/Apr/2019:19:47:05 +0000	72.12.194.90	/IRS/ 
12/Apr/2019:19:47:05 +0000	72.12.194.91	/favicon.ico 
12/Apr/2019:19:47:07 +0000	72.12.194.90	/IRS 
12/Apr/2019:19:47:07 +0000	72.12.194.90	/IRS/ 
12/Apr/2019:19:47:33 +0000	72.12.194.90	/IRS 
12/Apr/2019:19:47:33 +0000	72.12.194.90	/IRS/ 
12/Apr/2019:19:47:35 +0000	72.12.194.90	/favicon.ico 
12/Apr/2019:20:55:30 +0000	164.132.181.239	/ 
12/Apr/2019:20:58:00 +0000	118.219.252.36	/IRS/ 
12/Apr/2019:20:58:00 +0000	118.219.252.36	/IRS/ 
12/Apr/2019:21:31:51 +0000	129.204.129.143	/IRS/ 
13/Apr/2019:01:16:34 +0000	95.76.39.109	/IRS/ 
13/Apr/2019:01:16:35 +0000	95.76.39.109	/IRS/ 
13/Apr/2019:02:27:33 +0000	65.154.226.101	/IRS/ 
13/Apr/2019:02:27:34 +0000	65.154.226.101	/favicon.ico 
13/Apr/2019:02:27:50 +0000	65.154.226.101	/IRS/ 
13/Apr/2019:02:27:51 +0000	65.154.226.101	/favicon.ico 
13/Apr/2019:02:27:57 +0000	65.154.226.101	/IRS/ 
13/Apr/2019:02:27:58 +0000	65.154.226.101	/favicon.ico 
13/Apr/2019:03:21:21 +0000	74.217.90.250	/IRS 
13/Apr/2019:03:21:22 +0000	74.217.90.250	/IRS/ 
13/Apr/2019:03:21:23 +0000	74.217.90.250	/favicon.ico 
13/Apr/2019:03:21:27 +0000	74.217.90.250	/IRS 
13/Apr/2019:03:21:27 +0000	74.217.90.250	/IRS/ 
13/Apr/2019:03:21:28 +0000	74.217.90.250	/favicon.ico 
13/Apr/2019:03:22:28 +0000	65.154.226.109	/favicon.ico 
13/Apr/2019:03:24:58 +0000	65.154.226.126	/favicon.ico 
13/Apr/2019:03:24:59 +0000	65.154.226.126	/favicon.ico 
13/Apr/2019:03:25:03 +0000	65.154.226.126	/ 
13/Apr/2019:04:50:27 +0000	99.230.202.100	/IRS/ 
13/Apr/2019:05:06:57 +0000	62.67.194.167	/IRS 
13/Apr/2019:05:06:58 +0000	62.67.194.35	/IRS 
13/Apr/2019:05:06:58 +0000	62.67.194.35	/IRS/ 
13/Apr/2019:05:06:59 +0000	62.67.194.167	/IRS/ 
13/Apr/2019:05:06:59 +0000	62.67.194.35	/IRS/ 
13/Apr/2019:06:10:27 +0000	204.13.201.137	/ 
13/Apr/2019:06:10:27 +0000	208.87.233.140	/ 
13/Apr/2019:06:14:10 +0000	204.13.201.139	/IRS 
13/Apr/2019:06:14:10 +0000	107.178.194.123	/IRS 
13/Apr/2019:06:14:10 +0000	107.178.194.125	/IRS/ 
13/Apr/2019:07:14:34 +0000	34.219.36.191	/ 
13/Apr/2019:07:17:44 +0000	89.208.29.5	/IRS 
13/Apr/2019:07:17:45 +0000	89.208.29.5	/IRS/ 
13/Apr/2019:07:20:25 +0000	118.173.233.134	/ 
13/Apr/2019:07:21:21 +0000	188.166.98.249	/IRS 
13/Apr/2019:07:21:22 +0000	188.166.98.249	/IRS/ 
13/Apr/2019:07:21:22 +0000	188.166.98.249	/IRS/ 
13/Apr/2019:07:21:23 +0000	188.166.98.249	/IRS/ 
13/Apr/2019:07:22:39 +0000	95.26.49.159	/IRS 
13/Apr/2019:07:22:39 +0000	95.26.49.159	/IRS/ 
13/Apr/2019:07:23:11 +0000	54.200.223.203	/ 
13/Apr/2019:07:29:21 +0000	194.186.142.239	/IRS 
13/Apr/2019:07:29:22 +0000	194.186.142.239	/IRS/ 
13/Apr/2019:07:31:08 +0000	64.74.215.1	/IRS 
13/Apr/2019:07:31:08 +0000	64.74.215.1	/IRS/ 
13/Apr/2019:07:42:43 +0000	89.208.29.5	/IRS 
13/Apr/2019:07:42:43 +0000	89.208.29.5	/IRS/ 
13/Apr/2019:08:17:47 +0000	211.55.19.11	/IRS 
13/Apr/2019:08:17:47 +0000	211.55.19.11	/IRS/ 
13/Apr/2019:08:22:19 +0000	185.169.255.56	/IRS 
13/Apr/2019:08:22:19 +0000	185.169.255.56	/IRS/ 
13/Apr/2019:08:26:30 +0000	107.178.231.241	/IRS 
13/Apr/2019:08:26:31 +0000	107.178.231.241	/IRS/ 
13/Apr/2019:08:29:53 +0000	40.90.219.183	/IRS 
13/Apr/2019:08:29:53 +0000	40.90.219.183	/IRS/ 
13/Apr/2019:08:29:57 +0000	40.90.219.183	/favicon.ico 
13/Apr/2019:09:03:04 +0000	54.238.250.4	/ 
13/Apr/2019:09:03:15 +0000	69.28.85.84	/ 
13/Apr/2019:09:05:58 +0000	87.114.154.96	/ 
13/Apr/2019:09:05:59 +0000	185.255.112.148	/ 
13/Apr/2019:09:06:00 +0000	139.59.4.194	/ 
13/Apr/2019:09:06:00 +0000	185.222.209.87	/ 
13/Apr/2019:09:06:11 +0000	169.197.112.26	/ 
13/Apr/2019:09:10:56 +0000	173.205.33.27	/ 
13/Apr/2019:09:17:17 +0000	139.59.4.194	/ 
13/Apr/2019:09:38:18 +0000	118.219.252.37	/IRS 
13/Apr/2019:09:38:18 +0000	118.219.252.37	/IRS 
13/Apr/2019:09:38:18 +0000	118.219.252.37	/IRS/ 
13/Apr/2019:09:38:18 +0000	118.219.252.37	/IRS/ 
13/Apr/2019:09:38:23 +0000	107.178.194.123	/IRS 
13/Apr/2019:09:38:23 +0000	107.178.194.123	/IRS/ 
13/Apr/2019:09:38:23 +0000	204.13.201.138	/IRS 
13/Apr/2019:09:38:24 +0000	85.115.52.140	/IRS 
13/Apr/2019:09:38:24 +0000	85.115.52.140	/IRS/ 
13/Apr/2019:10:15:02 +0000	196.52.84.12	/IRS 
13/Apr/2019:10:15:02 +0000	92.23.61.31	/IRS 
13/Apr/2019:10:15:02 +0000	188.166.63.71	/IRS 
13/Apr/2019:10:15:02 +0000	196.52.84.12	/IRS/ 
13/Apr/2019:10:15:02 +0000	188.166.63.71	/IRS/ 
13/Apr/2019:10:15:02 +0000	92.23.61.31	/IRS/ 
13/Apr/2019:10:15:02 +0000	70.32.0.64	/IRS 
13/Apr/2019:10:15:02 +0000	70.32.0.64	/IRS/ 
13/Apr/2019:10:15:02 +0000	139.59.4.194	/IRS 
13/Apr/2019:10:15:03 +0000	139.59.4.194	/IRS/ 
13/Apr/2019:10:40:43 +0000	95.26.49.159	/IRS 
13/Apr/2019:10:40:44 +0000	95.26.49.159	/IRS/ 
13/Apr/2019:10:50:22 +0000	95.26.49.159	/IRS 
13/Apr/2019:10:50:23 +0000	95.26.49.159	/IRS/ 
13/Apr/2019:10:52:27 +0000	89.208.29.4	/IRS 
13/Apr/2019:10:52:27 +0000	89.208.29.4	/IRS/ 
13/Apr/2019:11:00:10 +0000	64.74.215.178	/IRS 
13/Apr/2019:11:00:10 +0000	64.74.215.178	/IRS/ 
13/Apr/2019:11:04:03 +0000	89.208.29.4	/IRS 
13/Apr/2019:11:04:04 +0000	89.208.29.4	/IRS/ 
13/Apr/2019:11:08:53 +0000	211.55.19.11	/IRS 
13/Apr/2019:11:08:53 +0000	211.55.19.11	/IRS/ 
13/Apr/2019:11:14:55 +0000	40.90.218.216	/IRS 
13/Apr/2019:11:14:55 +0000	40.90.218.216	/IRS/ 
13/Apr/2019:11:14:58 +0000	40.90.218.216	/favicon.ico 
13/Apr/2019:13:18:45 +0000	192.81.222.72	/IRS/ 
13/Apr/2019:13:18:46 +0000	192.81.222.72	/IRS/ 
13/Apr/2019:13:18:46 +0000	192.81.222.72	/IRS/ 
13/Apr/2019:13:18:47 +0000	192.81.222.72	/ 
13/Apr/2019:15:53:56 +0000	85.115.52.140	/ 
13/Apr/2019:16:55:40 +0000	54.202.225.77	/ 
13/Apr/2019:16:55:47 +0000	158.85.81.104	/ 
13/Apr/2019:16:56:00 +0000	54.201.200.187	/ 
13/Apr/2019:16:56:23 +0000	213.33.190.91	/ 
13/Apr/2019:17:00:01 +0000	193.128.114.36	/ 
13/Apr/2019:17:02:05 +0000	95.26.49.159	/ 
13/Apr/2019:17:07:24 +0000	89.208.29.4	/ 
13/Apr/2019:17:10:26 +0000	64.74.215.174	/ 
13/Apr/2019:17:15:09 +0000	67.137.36.66	/ 
13/Apr/2019:17:18:46 +0000	95.26.49.159	/ 
13/Apr/2019:19:51:41 +0000	34.222.22.128	/ 
13/Apr/2019:19:52:06 +0000	54.202.225.77	/ 
13/Apr/2019:20:10:10 +0000	64.74.215.176	/ 
13/Apr/2019:20:20:17 +0000	158.177.104.82	/ 
13/Apr/2019:20:20:18 +0000	158.177.104.82	/ 
13/Apr/2019:21:26:54 +0000	95.26.49.159	/ 
13/Apr/2019:23:08:53 +0000	54.156.251.192	/IRS/ 
13/Apr/2019:23:43:40 +0000	114.146.195.232	/ 
13/Apr/2019:23:43:41 +0000	114.146.195.232	/favicon.ico 
14/Apr/2019:00:04:10 +0000	52.59.102.42	/ 
14/Apr/2019:01:04:22 +0000	54.149.93.58	/ 
14/Apr/2019:01:12:40 +0000	95.26.49.159	/ 
14/Apr/2019:01:20:38 +0000	64.74.215.150	/ 
14/Apr/2019:01:42:57 +0000	195.88.253.235	/IRS/ 
14/Apr/2019:02:10:09 +0000	153.213.73.140	/ 
14/Apr/2019:02:11:23 +0000	70.42.131.106	/ 
14/Apr/2019:02:11:24 +0000	70.42.131.106	/favicon.ico 
14/Apr/2019:02:11:25 +0000	70.42.131.106	/ 
14/Apr/2019:02:11:25 +0000	70.42.131.106	/favicon.ico 
14/Apr/2019:02:18:40 +0000	95.211.190.197	/IRS/ 
14/Apr/2019:06:27:10 +0000	34.220.151.96	/ 
14/Apr/2019:06:35:49 +0000	213.33.190.91	/ 
14/Apr/2019:06:40:23 +0000	64.74.215.170	/ 
14/Apr/2019:07:00:13 +0000	62.67.194.167	/ 
14/Apr/2019:07:00:13 +0000	62.67.194.35	/ 
14/Apr/2019:07:05:54 +0000	54.200.223.203	/ 
14/Apr/2019:08:12:45 +0000	178.148.255.137	/IRS 
14/Apr/2019:08:12:45 +0000	178.148.255.137	/IRS/ 
14/Apr/2019:12:41:17 +0000	65.52.198.133	/blog/ 
14/Apr/2019:15:18:32 +0000	34.219.36.191	/ 
14/Apr/2019:15:30:11 +0000	64.74.215.1	/ 
14/Apr/2019:15:32:11 +0000	213.33.190.127	/ 
14/Apr/2019:15:36:06 +0000	199.30.228.131	/ 
14/Apr/2019:19:16:30 +0000	129.204.163.51	/ 
14/Apr/2019:19:29:18 +0000	60.217.72.16	/ 
14/Apr/2019:19:29:19 +0000	60.217.72.16	/ 
14/Apr/2019:19:29:19 +0000	60.217.72.16	/irs 
15/Apr/2019:01:53:46 +0000	198.58.107.211	/ 
15/Apr/2019:02:25:46 +0000	34.209.175.228	/IRS 
15/Apr/2019:02:25:46 +0000	35.155.148.50	/IRS 
15/Apr/2019:02:25:46 +0000	34.209.175.228	/IRS/ 
15/Apr/2019:02:25:46 +0000	35.155.148.50	/IRS/ 
15/Apr/2019:02:37:05 +0000	35.162.55.4	/IRS 
15/Apr/2019:02:37:05 +0000	35.162.55.4	/IRS 
15/Apr/2019:02:37:06 +0000	35.162.55.4	/IRS/ 
15/Apr/2019:02:37:06 +0000	35.162.55.4	/IRS/ 
15/Apr/2019:06:15:54 +0000	92.23.61.79	/IRS/ 
15/Apr/2019:07:14:58 +0000	35.171.13.61	/IRS 
15/Apr/2019:07:14:58 +0000	35.171.13.61	/IRS/ 
15/Apr/2019:10:38:51 +0000	35.171.13.61	/IRS 
15/Apr/2019:10:38:51 +0000	35.171.13.61	/IRS/ 
15/Apr/2019:13:28:09 +0000	46.160.110.146	/ 
15/Apr/2019:13:50:31 +0000	95.24.25.250	/ 
15/Apr/2019:14:07:29 +0000	107.178.194.127	/blog/ 
15/Apr/2019:14:07:29 +0000	204.13.201.139	/blog/ 
15/Apr/2019:14:07:29 +0000	107.178.194.127	/IRS/ 
15/Apr/2019:14:07:29 +0000	204.13.201.139	/IRS/ 
15/Apr/2019:14:09:39 +0000	52.59.102.42	/blog/ 
15/Apr/2019:15:09:59 +0000	54.149.93.58	/blog/ 
15/Apr/2019:15:10:09 +0000	34.211.39.93	/blog/ 
15/Apr/2019:15:12:06 +0000	188.166.98.249	/IRS/ 
15/Apr/2019:15:12:11 +0000	188.166.98.249	/IRS/ 
15/Apr/2019:15:12:12 +0000	188.166.98.249	/IRS/ 
15/Apr/2019:15:12:51 +0000	192.81.222.72	/IRS/ 
15/Apr/2019:15:12:52 +0000	192.81.222.72	/IRS/ 
15/Apr/2019:15:12:53 +0000	192.81.222.72	/IRS/ 
15/Apr/2019:15:12:54 +0000	192.81.222.72	/ 
15/Apr/2019:15:13:34 +0000	193.128.111.103	/blog 
15/Apr/2019:15:13:35 +0000	193.128.114.37	/blog/ 
15/Apr/2019:15:14:16 +0000	54.156.251.192	/IRS/ 
15/Apr/2019:15:16:31 +0000	95.26.201.137	/IRS/ 
15/Apr/2019:15:16:31 +0000	95.26.201.137	/blog/ 
15/Apr/2019:15:19:40 +0000	185.197.28.28	/IRS 
15/Apr/2019:15:19:41 +0000	185.197.28.28	/IRS/ 
15/Apr/2019:15:25:57 +0000	67.137.36.66	/blog/ 
15/Apr/2019:15:30:17 +0000	64.74.215.1	/IRS 
15/Apr/2019:15:30:17 +0000	64.74.215.1	/IRS/ 
15/Apr/2019:15:30:25 +0000	64.74.215.170	/blog 
15/Apr/2019:15:30:25 +0000	64.74.215.170	/blog/ 
15/Apr/2019:15:30:25 +0000	64.74.215.170	/blog/vendor/jquery/jquery.min.js 
15/Apr/2019:15:30:25 +0000	64.74.215.170	/blog/vendor/bootstrap/js/bootstrap.min.js 
15/Apr/2019:15:30:25 +0000	64.74.215.170	/blog/js/jqBootstrapValidation.js 
15/Apr/2019:15:30:25 +0000	64.74.215.170	/blog/js/contact_me.js 
15/Apr/2019:15:30:25 +0000	64.74.215.170	/blog/js/clean-blog.min.js 
15/Apr/2019:16:09:50 +0000	211.55.19.11	/IRS/ 
15/Apr/2019:16:17:34 +0000	34.235.48.77	/IRS/ 
15/Apr/2019:16:19:16 +0000	85.115.52.140	/blog 
15/Apr/2019:16:19:19 +0000	85.115.52.140	/IRS 
15/Apr/2019:16:19:19 +0000	85.115.52.140	/blog/ 
15/Apr/2019:16:19:23 +0000	85.115.52.140	/IRS/ 
15/Apr/2019:16:19:23 +0000	85.115.52.140	/blog/vendor/jquery/jquery.min.js 
15/Apr/2019:16:19:28 +0000	85.115.52.140	/blog/js/jqBootstrapValidation.js 
15/Apr/2019:16:19:28 +0000	85.115.52.140	/blog/js/contact_me.js 
15/Apr/2019:16:19:28 +0000	85.115.52.140	/blog/vendor/bootstrap/js/bootstrap.min.js 
15/Apr/2019:16:19:28 +0000	85.115.52.140	/blog/js/clean-blog.min.js 
15/Apr/2019:16:19:28 +0000	85.115.52.140	/blog/vendor/font-awesome/css/font-awesome.min.css 
15/Apr/2019:17:38:26 +0000	108.62.177.163	/blog/ 
15/Apr/2019:17:38:27 +0000	108.62.177.163	/blog/css/clean-blog.min.css 
15/Apr/2019:17:38:27 +0000	108.62.177.163	/blog/vendor/bootstrap/css/bootstrap.min.css 
15/Apr/2019:17:38:27 +0000	108.62.177.163	/blog/vendor/font-awesome/css/font-awesome.min.css 
15/Apr/2019:17:38:27 +0000	108.62.177.163	/blog/js/contact_me.js 
15/Apr/2019:17:38:27 +0000	108.62.177.163	/blog/js/jqBootstrapValidation.js 
15/Apr/2019:17:38:27 +0000	108.62.177.163	/blog/vendor/bootstrap/js/bootstrap.min.js 
15/Apr/2019:17:38:27 +0000	108.62.177.163	/blog/vendor/jquery/jquery.min.js 
15/Apr/2019:17:38:27 +0000	108.62.177.163	/blog/js/clean-blog.min.js 
15/Apr/2019:17:38:30 +0000	108.62.177.163	/IRS/ 
15/Apr/2019:17:38:29 +0000	108.62.177.163	/blog/vendor/font-awesome/fonts/fontawesome-webfont.eot? 
15/Apr/2019:17:38:30 +0000	108.62.177.163	/blog/img/home-bg.jpg 
15/Apr/2019:17:38:31 +0000	108.62.177.163	/favicon.ico 
15/Apr/2019:17:38:32 +0000	108.62.177.163	/favicon.ico 
15/Apr/2019:18:44:54 +0000	40.90.219.10	/IRS/ 
15/Apr/2019:18:44:58 +0000	40.90.219.10	/favicon.ico 
15/Apr/2019:20:06:59 +0000	208.80.194.41	/ 
15/Apr/2019:21:12:21 +0000	129.204.129.143	/blog/ 
16/Apr/2019:02:05:37 +0000	74.217.90.250	/blog/ 
16/Apr/2019:02:05:38 +0000	74.217.90.250	/blog/vendor/font-awesome/css/font-awesome.min.css 
16/Apr/2019:02:05:38 +0000	74.217.90.250	/blog/css/clean-blog.min.css 
16/Apr/2019:02:05:38 +0000	74.217.90.250	/blog/vendor/bootstrap/css/bootstrap.min.css 
16/Apr/2019:02:05:38 +0000	74.217.90.250	/blog/vendor/bootstrap/js/bootstrap.min.js 
16/Apr/2019:02:05:38 +0000	74.217.90.250	/blog/js/jqBootstrapValidation.js 
16/Apr/2019:02:05:38 +0000	74.217.90.250	/blog/js/contact_me.js 
16/Apr/2019:02:05:38 +0000	74.217.90.250	/blog/vendor/jquery/jquery.min.js 
16/Apr/2019:02:05:38 +0000	74.217.90.250	/blog/js/clean-blog.min.js 
16/Apr/2019:02:05:38 +0000	74.217.90.250	/blog/vendor/font-awesome/fonts/fontawesome-webfont.eot? 
16/Apr/2019:02:05:39 +0000	74.217.90.250	/favicon.ico 
16/Apr/2019:02:05:40 +0000	74.217.90.250	/blog/ 
16/Apr/2019:02:05:41 +0000	74.217.90.250	/blog/vendor/bootstrap/css/bootstrap.min.css 
16/Apr/2019:02:05:41 +0000	74.217.90.250	/blog/css/clean-blog.min.css 
16/Apr/2019:02:05:41 +0000	74.217.90.250	/blog/css/clean-blog.min.css 
16/Apr/2019:02:05:41 +0000	74.217.90.250	/blog/vendor/bootstrap/css/bootstrap.min.css 
16/Apr/2019:02:05:41 +0000	74.217.90.250	/blog/vendor/font-awesome/css/font-awesome.min.css 
16/Apr/2019:02:05:41 +0000	74.217.90.250	/blog/vendor/bootstrap/fonts/glyphicons-halflings-regular.eot? 
16/Apr/2019:02:05:41 +0000	74.217.90.250	/blog/vendor/font-awesome/fonts/fontawesome-webfont.eot? 
16/Apr/2019:02:05:42 +0000	74.217.90.250	/blog/vendor/jquery/jquery.min.js 
16/Apr/2019:02:05:42 +0000	74.217.90.250	/blog/vendor/bootstrap/js/bootstrap.min.js 
16/Apr/2019:02:05:42 +0000	74.217.90.250	/blog/js/jqBootstrapValidation.js 
16/Apr/2019:02:05:42 +0000	74.217.90.250	/blog/js/contact_me.js 
16/Apr/2019:02:05:42 +0000	74.217.90.250	/blog/js/clean-blog.min.js 
16/Apr/2019:02:05:42 +0000	74.217.90.250	/favicon.ico 
16/Apr/2019:02:05:43 +0000	74.217.90.250	/blog/ 
16/Apr/2019:02:05:43 +0000	74.217.90.250	/blog/css/clean-blog.min.css 
16/Apr/2019:02:05:43 +0000	74.217.90.250	/blog/vendor/bootstrap/css/bootstrap.min.css 
16/Apr/2019:02:05:43 +0000	74.217.90.250	/blog/vendor/font-awesome/css/font-awesome.min.css 
16/Apr/2019:02:05:43 +0000	74.217.90.250	/blog/vendor/jquery/jquery.min.js 
16/Apr/2019:02:05:43 +0000	74.217.90.250	/blog/vendor/bootstrap/js/bootstrap.min.js 
16/Apr/2019:02:05:43 +0000	74.217.90.250	/blog/js/jqBootstrapValidation.js 
16/Apr/2019:02:05:43 +0000	74.217.90.250	/blog/js/contact_me.js 
16/Apr/2019:02:05:43 +0000	74.217.90.250	/blog/js/clean-blog.min.js 
16/Apr/2019:02:05:43 +0000	74.217.90.250	/blog/vendor/font-awesome/fonts/fontawesome-webfont.eot? 
16/Apr/2019:02:05:45 +0000	74.217.90.250	/favicon.ico 
16/Apr/2019:04:55:30 +0000	62.67.194.167	/blog/ 
16/Apr/2019:06:38:59 +0000	204.101.161.159	/blog/ 
16/Apr/2019:06:38:59 +0000	204.101.161.159	/blog/vendor/bootstrap/css/bootstrap.min.css 
16/Apr/2019:06:39:00 +0000	204.101.161.159	/blog/vendor/font-awesome/css/font-awesome.min.css 
16/Apr/2019:06:39:00 +0000	204.101.161.159	/blog/css/clean-blog.min.css 
16/Apr/2019:06:39:00 +0000	204.101.161.159	/blog/vendor/bootstrap/js/bootstrap.min.js 
16/Apr/2019:06:39:00 +0000	204.101.161.159	/blog/js/jqBootstrapValidation.js 
16/Apr/2019:06:39:00 +0000	204.101.161.159	/blog/vendor/jquery/jquery.min.js 
16/Apr/2019:06:39:00 +0000	204.101.161.159	/blog/js/contact_me.js 
16/Apr/2019:06:39:00 +0000	204.101.161.159	/blog/js/clean-blog.min.js 
16/Apr/2019:06:39:01 +0000	204.101.161.159	/blog/img/home-bg.jpg 
16/Apr/2019:06:39:01 +0000	204.101.161.159	/blog/vendor/font-awesome/fonts/fontawesome-webfont.woff?v=4.6.3 
16/Apr/2019:06:43:11 +0000	209.17.96.218	/ 
16/Apr/2019:07:33:51 +0000	65.154.226.126	/IRS 
16/Apr/2019:07:33:51 +0000	65.154.226.126	/IRS/ 
16/Apr/2019:07:33:51 +0000	65.154.226.126	/IRS 
16/Apr/2019:07:33:52 +0000	65.154.226.126	/IRS/ 
16/Apr/2019:08:35:17 +0000	72.52.169.207	/wp-login.php 
16/Apr/2019:17:36:49 +0000	34.235.48.77	/IRS/ 
16/Apr/2019:17:51:42 +0000	209.121.96.223	/blog/ 
16/Apr/2019:17:51:48 +0000	209.121.96.223	/blog/css/clean-blog.min.css 
16/Apr/2019:17:51:48 +0000	209.121.96.223	/blog/vendor/bootstrap/css/bootstrap.min.css 
16/Apr/2019:17:51:48 +0000	209.121.96.223	/blog/vendor/font-awesome/css/font-awesome.min.css 
16/Apr/2019:17:51:53 +0000	209.121.96.223	/blog/vendor/bootstrap/fonts/glyphicons-halflings-regular.eot? 
16/Apr/2019:17:51:52 +0000	209.121.96.223	/blog/vendor/font-awesome/fonts/fontawesome-webfont.eot? 
16/Apr/2019:17:52:07 +0000	209.121.96.223	/blog/vendor/jquery/jquery.min.js 
16/Apr/2019:17:52:09 +0000	209.121.96.223	/blog/vendor/bootstrap/js/bootstrap.min.js 
16/Apr/2019:17:52:08 +0000	209.121.96.223	/blog/img/home-bg.jpg 
16/Apr/2019:17:52:11 +0000	209.121.96.223	/blog/js/jqBootstrapValidation.js 
16/Apr/2019:17:52:12 +0000	209.121.96.223	/blog/js/contact_me.js 
16/Apr/2019:17:52:14 +0000	209.121.96.223	/blog/js/clean-blog.min.js 
16/Apr/2019:17:52:16 +0000	209.121.96.223	/favicon.ico 
16/Apr/2019:21:25:24 +0000	66.249.69.11	/robots.txt 
16/Apr/2019:21:25:25 +0000	66.249.69.13	/ 
17/Apr/2019:15:07:52 +0000	35.171.13.61	/IRS/ 
17/Apr/2019:15:40:24 +0000	13.232.170.195	/ 
17/Apr/2019:15:40:24 +0000	13.232.170.195	/robots.txt 
17/Apr/2019:15:40:25 +0000	13.232.170.195	/ 
17/Apr/2019:18:11:00 +0000	54.36.149.91	/robots.txt 
17/Apr/2019:19:01:02 +0000	60.217.72.16	/ 
17/Apr/2019:19:01:07 +0000	60.217.72.16	/ 
17/Apr/2019:20:45:45 +0000	207.154.240.6	/ 
17/Apr/2019:22:37:03 +0000	65.52.2.98	/IRS 
17/Apr/2019:22:37:03 +0000	65.52.2.98	/IRS/ 
17/Apr/2019:22:38:41 +0000	60.217.72.16	/irs/ 
18/Apr/2019:00:33:40 +0000	92.23.56.101	/IRS/ 
18/Apr/2019:00:51:20 +0000	103.193.197.26	/ 
18/Apr/2019:05:02:23 +0000	35.163.156.235	/ 
18/Apr/2019:06:09:29 +0000	169.50.49.8	/ 
18/Apr/2019:06:09:30 +0000	169.50.49.8	/ 
19/Apr/2019:15:05:56 +0000	35.222.245.161	/IRS 
19/Apr/2019:15:05:56 +0000	35.222.245.161	/IRS 
19/Apr/2019:15:05:56 +0000	35.222.245.161	/IRS/ 
19/Apr/2019:15:53:33 +0000	62.189.162.52	/IRS 
19/Apr/2019:15:53:33 +0000	193.128.111.106	/IRS/ 
19/Apr/2019:21:25:25 +0000	66.249.66.77	/robots.txt 
19/Apr/2019:21:25:25 +0000	66.249.66.77	/ 
20/Apr/2019:05:44:13 +0000	54.188.223.81	/ 
20/Apr/2019:16:46:10 +0000	79.73.71.209	/IRS/ 
20/Apr/2019:17:03:31 +0000	62.189.162.61	/ 
20/Apr/2019:23:24:27 +0000	54.36.149.20	/robots.txt 
20/Apr/2019:23:24:28 +0000	54.36.148.57	/ 
21/Apr/2019:02:48:02 +0000	194.153.113.13	/robots.txt 
21/Apr/2019:02:48:02 +0000	194.153.113.13	/ 
21/Apr/2019:13:29:52 +0000	104.219.55.11	/IRS 
21/Apr/2019:13:29:52 +0000	69.28.85.49	/IRS/ 
21/Apr/2019:20:16:21 +0000	169.50.49.8	/ 
21/Apr/2019:20:16:22 +0000	169.50.49.8	/ 
22/Apr/2019:00:52:45 +0000	104.219.54.115	/IRS 
22/Apr/2019:00:52:45 +0000	104.245.35.87	/IRS/ 
22/Apr/2019:07:59:27 +0000	104.245.35.87	/ 
22/Apr/2019:15:14:46 +0000	62.189.162.56	/blog 
22/Apr/2019:15:14:47 +0000	193.128.111.103	/blog/ 
22/Apr/2019:21:25:26 +0000	66.249.69.13	/robots.txt 
22/Apr/2019:21:25:26 +0000	66.249.69.13	/ 
22/Apr/2019:22:51:34 +0000	208.80.194.41	/ 
23/Apr/2019:05:48:55 +0000	34.221.115.132	/ 
23/Apr/2019:13:29:09 +0000	79.73.70.126	/IRS/ 
23/Apr/2019:13:33:51 +0000	142.93.74.68	/IRS/ 
23/Apr/2019:13:33:51 +0000	194.187.249.52	/IRS/ 
23/Apr/2019:13:33:51 +0000	82.102.27.124	/IRS/ 
23/Apr/2019:13:33:58 +0000	79.73.70.126	/IRS/ 
23/Apr/2019:13:34:21 +0000	142.93.74.68	/IRS/ 
23/Apr/2019:13:34:21 +0000	142.93.74.68	/IRS/ 
23/Apr/2019:14:15:10 +0000	69.164.111.198	/ 
23/Apr/2019:14:15:11 +0000	69.164.111.198	/ 
23/Apr/2019:14:38:56 +0000	69.164.111.198	/ 
23/Apr/2019:14:52:17 +0000	161.69.31.20	/ 
23/Apr/2019:21:24:31 +0000	128.69.160.92	/blog/ 
23/Apr/2019:21:24:33 +0000	128.69.160.92	/blog/vendor/bootstrap/css/bootstrap.min.css 
23/Apr/2019:21:24:33 +0000	128.69.160.92	/blog/css/clean-blog.min.css 
23/Apr/2019:21:24:33 +0000	128.69.160.92	/blog/js/contact_me.js 
23/Apr/2019:21:24:33 +0000	128.69.160.92	/blog/vendor/jquery/jquery.min.js 
23/Apr/2019:21:24:33 +0000	128.69.160.92	/blog/vendor/bootstrap/js/bootstrap.min.js 
23/Apr/2019:21:24:33 +0000	128.69.160.92	/blog/js/jqBootstrapValidation.js 
23/Apr/2019:21:24:33 +0000	128.69.160.92	/blog/js/clean-blog.min.js 
23/Apr/2019:21:24:34 +0000	128.69.160.92	/blog/vendor/font-awesome/css/font-awesome.min.css 
23/Apr/2019:21:24:39 +0000	128.69.160.92	/blog/img/home-bg.jpg 
23/Apr/2019:21:30:41 +0000	46.42.165.139	/blog/ 
23/Apr/2019:21:30:42 +0000	46.42.165.139	/blog/vendor/bootstrap/css/bootstrap.min.css 
23/Apr/2019:21:30:43 +0000	46.42.165.139	/blog/vendor/font-awesome/css/font-awesome.min.css 
23/Apr/2019:21:30:43 +0000	46.42.165.139	/blog/js/jqBootstrapValidation.js 
23/Apr/2019:21:30:43 +0000	46.42.165.139	/blog/vendor/jquery/jquery.min.js 
23/Apr/2019:21:30:43 +0000	46.42.165.139	/blog/vendor/bootstrap/js/bootstrap.min.js 
23/Apr/2019:21:30:43 +0000	46.42.165.139	/blog/js/contact_me.js 
23/Apr/2019:21:30:43 +0000	46.42.165.139	/blog/js/clean-blog.min.js 
23/Apr/2019:21:30:43 +0000	46.42.165.139	/blog/css/clean-blog.min.css 
23/Apr/2019:21:30:44 +0000	46.42.165.139	/blog/img/home-bg.jpg 
23/Apr/2019:22:04:02 +0000	77.37.243.189	/blog/ 
23/Apr/2019:22:04:03 +0000	77.37.243.189	/blog/vendor/bootstrap/css/bootstrap.min.css 
23/Apr/2019:22:04:03 +0000	77.37.243.189	/blog/css/clean-blog.min.css 
23/Apr/2019:22:04:04 +0000	77.37.243.189	/blog/vendor/bootstrap/js/bootstrap.min.js 
23/Apr/2019:22:04:04 +0000	77.37.243.189	/blog/js/clean-blog.min.js 
23/Apr/2019:22:04:05 +0000	77.37.243.189	/blog/vendor/jquery/jquery.min.js 
23/Apr/2019:22:04:05 +0000	77.37.243.189	/blog/js/contact_me.js 
23/Apr/2019:22:04:06 +0000	77.37.243.189	/blog/vendor/font-awesome/css/font-awesome.min.css 
23/Apr/2019:22:04:07 +0000	77.37.243.189	/blog/js/jqBootstrapValidation.js 
23/Apr/2019:22:04:07 +0000	77.37.243.189	/blog/img/home-bg.jpg 
24/Apr/2019:06:46:55 +0000	69.164.111.198	/ 
24/Apr/2019:09:27:31 +0000	144.217.161.180	/wp-login.php 
25/Apr/2019:04:57:33 +0000	69.28.91.56	/IRS 
25/Apr/2019:04:57:34 +0000	69.28.90.103	/IRS/ 
25/Apr/2019:06:33:09 +0000	52.35.79.63	/ 
25/Apr/2019:21:25:26 +0000	66.249.64.124	/robots.txt 
25/Apr/2019:21:25:27 +0000	66.249.64.122	/ 
