23/Mar/2019:19:17:28 +0000	35.187.132.63	/blog/ 
23/Mar/2019:19:17:28 +0000	208.87.233.140	/blog 
23/Mar/2019:19:17:29 +0000	208.87.233.140	/blog/ 
23/Mar/2019:19:17:32 +0000	35.187.132.61	/IRS/ 
23/Mar/2019:19:17:33 +0000	208.87.233.140	/blog/vendor/jquery/jquery.min.js 
23/Mar/2019:19:17:33 +0000	208.87.233.140	/blog/vendor/bootstrap/js/bootstrap.min.js 
23/Mar/2019:19:17:33 +0000	204.13.201.138	/IRS/ 
23/Mar/2019:19:17:33 +0000	208.87.233.140	/blog/js/clean-blog.min.js 
23/Mar/2019:19:17:34 +0000	208.87.233.140	/blog/vendor/font-awesome/css/font-awesome.min.css 
23/Mar/2019:19:17:34 +0000	208.87.233.140	/IRS 
23/Mar/2019:19:17:34 +0000	208.87.233.140	/blog/js/jqBootstrapValidation.js 
23/Mar/2019:19:17:34 +0000	208.87.233.140	/blog/js/contact_me.js 
23/Mar/2019:19:17:34 +0000	208.87.233.140	/IRS/ 
23/Mar/2019:19:17:34 +0000	204.13.201.139	/blog/ 
23/Mar/2019:19:22:36 +0000	37.252.185.196	/IRS/ 
23/Mar/2019:19:22:36 +0000	92.23.60.181	/IRS/ 
23/Mar/2019:19:22:36 +0000	196.52.84.50	/IRS/ 
23/Mar/2019:19:22:36 +0000	165.227.0.128	/IRS/ 
23/Mar/2019:19:22:40 +0000	185.229.190.136	/IRS/ 
23/Mar/2019:19:22:56 +0000	185.229.190.136	/IRS/ 
23/Mar/2019:19:22:56 +0000	185.229.190.136	/IRS/style/css/styles-nonie-1022.css 
23/Mar/2019:19:22:56 +0000	185.229.190.136	/IRS/style/css/logo.png 
23/Mar/2019:19:22:56 +0000	185.229.190.136	/IRS/style/css/password-feedback-styles-nonie-1024.css 
23/Mar/2019:19:22:56 +0000	185.229.190.136	/IRS/style/css/button_create_account.jpg 
23/Mar/2019:19:22:56 +0000	185.229.190.136	/IRS/style/css/button_login.jpg 
23/Mar/2019:19:22:56 +0000	185.229.190.136	/IRS/style/css/table.css 
23/Mar/2019:19:23:17 +0000	185.229.190.136	/IRS/ 
23/Mar/2019:19:23:17 +0000	185.229.190.136	/IRS/style/css/styles-nonie-1022.css 
23/Mar/2019:19:23:17 +0000	185.229.190.136	/IRS/style/css/password-feedback-styles-nonie-1024.css 
23/Mar/2019:19:23:17 +0000	185.229.190.136	/IRS/style/css/logo.png 
23/Mar/2019:19:23:17 +0000	185.229.190.136	/IRS/style/css/table.css 
23/Mar/2019:19:23:17 +0000	185.229.190.136	/IRS/style/css/button_login.jpg 
23/Mar/2019:19:23:17 +0000	185.229.190.136	/IRS/style/css/button_create_account.jpg 
23/Mar/2019:19:23:31 +0000	185.229.190.136	/IRS/system/send_login.php 
23/Mar/2019:19:23:31 +0000	185.229.190.136	/IRS/style/css/Error-Icon.gif 
23/Mar/2019:19:23:31 +0000	185.229.190.136	/IRS/style/css/styles-nonie-1024.css 
23/Mar/2019:19:23:31 +0000	185.229.190.136	/IRS/style/css/button_continue.jpg 
23/Mar/2019:19:24:12 +0000	185.229.190.136	/IRS/system/send_login.php 
23/Mar/2019:19:24:44 +0000	185.229.190.136	/IRS/system/send_login.php 
23/Mar/2019:19:24:58 +0000	185.229.190.136	/IRS/system/send_login.php 
23/Mar/2019:19:25:16 +0000	185.229.190.136	/IRS/system/send_login.php 
23/Mar/2019:19:25:30 +0000	185.229.190.136	/IRS/system/send_login.php 
23/Mar/2019:19:25:44 +0000	185.229.190.136	/IRS/system/send_login.php 
23/Mar/2019:19:25:54 +0000	185.229.190.136	/IRS/system/send_login.php 
23/Mar/2019:19:26:48 +0000	185.229.190.136	/IRS/system/send_login.php 
23/Mar/2019:19:29:08 +0000	83.31.251.106	/IRS/ 
23/Mar/2019:19:29:08 +0000	83.31.251.106	/IRS/ 
23/Mar/2019:19:29:17 +0000	83.31.251.106	/IRS/ 
23/Mar/2019:19:29:42 +0000	159.203.0.156	/IRS/ 
23/Mar/2019:19:29:43 +0000	159.203.0.156	/IRS/style/css/styles-nonie-1022.css 
23/Mar/2019:19:29:43 +0000	159.203.0.156	/IRS/style/css/button_create_account.jpg 
23/Mar/2019:19:29:43 +0000	159.203.0.156	/IRS/style/css/password-feedback-styles-nonie-1024.css 
23/Mar/2019:19:29:43 +0000	159.203.0.156	/IRS/style/css/logo.png 
23/Mar/2019:19:29:43 +0000	159.203.0.156	/IRS/style/css/table.css 
23/Mar/2019:19:29:43 +0000	159.203.0.156	/IRS/style/css/button_login.jpg 
23/Mar/2019:19:29:55 +0000	159.203.0.156	/IRS/system/send_login.php 
23/Mar/2019:19:29:56 +0000	159.203.0.156	/IRS/style/css/button_continue.jpg 
23/Mar/2019:19:29:56 +0000	159.203.0.156	/IRS/style/css/styles-nonie-1024.css 
23/Mar/2019:19:29:56 +0000	159.203.0.156	/IRS/style/css/Error-Icon.gif 
23/Mar/2019:19:30:22 +0000	159.203.0.156	/IRS/system/send_login.php 
23/Mar/2019:19:30:34 +0000	159.203.0.156	/IRS/system/send_login.php 
23/Mar/2019:19:30:47 +0000	159.203.0.156	/IRS/system/send_login.php 
23/Mar/2019:19:31:03 +0000	159.203.0.156	/IRS/system/send_login.php 
23/Mar/2019:19:31:21 +0000	159.203.0.156	/IRS/system/send_login.php 
23/Mar/2019:19:31:41 +0000	159.203.0.156	/IRS/system/send_login.php 
23/Mar/2019:19:32:12 +0000	159.203.0.156	/IRS/system/send_login.php 
23/Mar/2019:19:32:57 +0000	159.203.0.156	/IRS/system/send_login.php 
23/Mar/2019:19:34:29 +0000	83.31.251.106	/blog/ 
23/Mar/2019:19:34:29 +0000	83.31.251.106	/blog/ 
23/Mar/2019:19:34:49 +0000	83.31.251.106	/blog/ 
23/Mar/2019:19:34:49 +0000	83.31.251.106	/blog/vendor/jquery/jquery.min.js 
23/Mar/2019:19:34:49 +0000	83.31.251.106	/blog/vendor/bootstrap/js/bootstrap.min.js 
23/Mar/2019:19:34:49 +0000	83.31.251.106	/blog/js/contact_me.js 
23/Mar/2019:19:34:49 +0000	83.31.251.106	/blog/js/clean-blog.min.js 
23/Mar/2019:19:34:49 +0000	83.31.251.106	/blog/js/jqBootstrapValidation.js 
23/Mar/2019:19:34:51 +0000	83.31.251.106	/blog/ 
23/Mar/2019:19:34:51 +0000	83.31.251.106	/blog/vendor/jquery/jquery.min.js 
23/Mar/2019:19:34:51 +0000	83.31.251.106	/blog/vendor/bootstrap/js/bootstrap.min.js 
23/Mar/2019:19:34:51 +0000	83.31.251.106	/blog/js/jqBootstrapValidation.js 
23/Mar/2019:19:34:51 +0000	83.31.251.106	/blog/js/contact_me.js 
23/Mar/2019:19:34:51 +0000	83.31.251.106	/blog/js/clean-blog.min.js 
23/Mar/2019:19:48:09 +0000	46.101.119.24	/IRS/ 
23/Mar/2019:19:48:09 +0000	46.101.119.24	/IRS/style/css/styles-nonie-1022.css 
23/Mar/2019:19:48:09 +0000	46.101.119.24	/IRS/style/css/table.css 
23/Mar/2019:19:48:09 +0000	46.101.119.24	/IRS/style/css/logo.png 
23/Mar/2019:19:48:09 +0000	46.101.119.24	/IRS/style/css/button_login.jpg 
23/Mar/2019:19:48:09 +0000	46.101.119.24	/IRS/style/css/password-feedback-styles-nonie-1024.css 
23/Mar/2019:19:48:09 +0000	46.101.119.24	/IRS/style/css/button_create_account.jpg 
23/Mar/2019:19:48:21 +0000	46.101.119.24	/IRS/system/send_login.php 
23/Mar/2019:19:48:21 +0000	46.101.119.24	/IRS/style/css/Error-Icon.gif 
23/Mar/2019:19:48:21 +0000	46.101.119.24	/IRS/style/css/button_continue.jpg 
23/Mar/2019:19:48:21 +0000	46.101.119.24	/IRS/style/css/styles-nonie-1024.css 
23/Mar/2019:19:48:39 +0000	46.101.119.24	/IRS/system/send_login.php 
23/Mar/2019:19:48:51 +0000	46.101.119.24	/IRS/system/send_login.php 
23/Mar/2019:19:49:00 +0000	46.101.119.24	/IRS/system/send_login.php 
23/Mar/2019:19:49:14 +0000	46.101.119.24	/IRS/system/send_login.php 
23/Mar/2019:19:49:27 +0000	46.101.119.24	/IRS/system/send_login.php 
23/Mar/2019:19:49:44 +0000	46.101.119.24	/IRS/system/send_login.php 
23/Mar/2019:19:49:53 +0000	46.101.119.24	/IRS/system/send_login.php 
23/Mar/2019:19:50:12 +0000	46.101.119.24	/IRS/system/send_login.php 
23/Mar/2019:19:52:28 +0000	87.112.181.94	/IRS/system/send_login.php 
23/Mar/2019:19:52:29 +0000	196.52.84.12	/IRS/system/send_login.php 
23/Mar/2019:19:52:29 +0000	194.59.251.169	/IRS/system/send_login.php 
23/Mar/2019:19:52:29 +0000	31.14.75.60	/IRS/system/send_login.php 
23/Mar/2019:20:19:34 +0000	54.149.93.58	/blog/ 
23/Mar/2019:20:19:35 +0000	54.149.93.58	/IRS/ 
23/Mar/2019:20:20:44 +0000	52.12.196.134	/IRS/ 
23/Mar/2019:20:22:03 +0000	188.166.98.249	/IRS/ 
23/Mar/2019:20:22:03 +0000	188.166.98.249	/IRS/ 
23/Mar/2019:20:22:03 +0000	188.166.98.249	/blog/ 
23/Mar/2019:20:22:03 +0000	188.166.98.249	/blog/ 
23/Mar/2019:20:22:03 +0000	188.166.98.249	/IRS/ 
23/Mar/2019:20:22:03 +0000	188.166.98.249	/blog/ 
23/Mar/2019:20:22:03 +0000	188.166.98.249	/IRS/system/send_login.php 
23/Mar/2019:20:22:03 +0000	188.166.98.249	/IRS/system/send_login.php 
23/Mar/2019:20:22:04 +0000	188.166.98.249	/IRS/system/send_login.php 
23/Mar/2019:20:27:54 +0000	173.255.134.181	/IRS/ 
23/Mar/2019:20:27:55 +0000	173.255.134.181	/IRS/style/css/logo.png 
23/Mar/2019:20:27:55 +0000	173.255.134.181	/IRS/style/css/password-feedback-styles-nonie-1024.css 
23/Mar/2019:20:27:55 +0000	173.255.134.181	/IRS/style/css/styles-nonie-1022.css 
23/Mar/2019:20:27:55 +0000	173.255.134.181	/IRS/style/css/table.css 
23/Mar/2019:20:27:56 +0000	173.255.134.181	/IRS/style/css/button_create_account.jpg 
23/Mar/2019:20:27:56 +0000	173.255.134.181	/IRS/style/css/button_login.jpg 
24/Mar/2019:02:23:15 +0000	209.99.129.31	/blog/ 
24/Mar/2019:02:23:15 +0000	209.99.129.31	/blog/vendor/bootstrap/css/bootstrap.min.css 
24/Mar/2019:02:23:15 +0000	209.99.129.31	/blog/css/clean-blog.min.css 
24/Mar/2019:02:23:15 +0000	209.99.129.31	/blog/vendor/font-awesome/css/font-awesome.min.css 
24/Mar/2019:02:23:15 +0000	209.99.129.31	/blog/vendor/bootstrap/js/bootstrap.min.js 
24/Mar/2019:02:23:15 +0000	209.99.129.31	/blog/js/jqBootstrapValidation.js 
24/Mar/2019:02:23:15 +0000	209.99.129.31	/blog/js/contact_me.js 
24/Mar/2019:02:23:15 +0000	209.99.129.31	/blog/vendor/jquery/jquery.min.js 
24/Mar/2019:02:23:15 +0000	209.99.129.31	/blog/js/clean-blog.min.js 
24/Mar/2019:02:23:15 +0000	209.99.129.31	/blog/img/home-bg.jpg 
24/Mar/2019:02:23:15 +0000	209.99.129.31	/blog/vendor/font-awesome/fonts/fontawesome-webfont.woff?v=4.6.3 
24/Mar/2019:02:23:34 +0000	104.129.58.15	/IRS/ 
24/Mar/2019:02:23:34 +0000	104.129.58.15	/IRS/style/css/styles-nonie-1022.css 
24/Mar/2019:02:23:35 +0000	104.129.58.15	/IRS/style/css/table.css 
24/Mar/2019:02:23:35 +0000	104.129.58.15	/IRS/style/css/password-feedback-styles-nonie-1024.css 
24/Mar/2019:02:23:35 +0000	104.129.58.15	/IRS/style/css/logo.png 
24/Mar/2019:02:23:35 +0000	104.129.58.15	/IRS/style/css/button_login.jpg 
24/Mar/2019:02:23:35 +0000	104.129.58.15	/IRS/style/css/button_create_account.jpg 
24/Mar/2019:02:37:05 +0000	204.13.201.137	/ 
24/Mar/2019:02:37:05 +0000	208.87.233.140	/ 
24/Mar/2019:03:40:15 +0000	34.214.188.65	/ 
24/Mar/2019:03:40:36 +0000	34.208.235.9	/ 
24/Mar/2019:06:35:59 +0000	52.41.72.174	/ 
24/Mar/2019:07:11:46 +0000	54.189.140.227	/ 
24/Mar/2019:16:46:48 +0000	52.41.160.95	/ 
25/Mar/2019:02:37:32 +0000	204.13.201.138	/ 
25/Mar/2019:02:45:37 +0000	18.85.192.253	/ 
25/Mar/2019:03:39:56 +0000	34.214.188.65	/ 
25/Mar/2019:03:41:15 +0000	18.236.220.237	/ 
25/Mar/2019:07:03:27 +0000	54.189.140.227	/ 
25/Mar/2019:09:02:01 +0000	54.200.252.36	/ 
25/Mar/2019:10:51:51 +0000	208.80.194.42	/ 
25/Mar/2019:18:13:57 +0000	83.31.251.106	/blog/ 
25/Mar/2019:18:13:58 +0000	83.31.251.106	/blog/ 
25/Mar/2019:18:14:01 +0000	83.31.251.106	/IRS/ 
25/Mar/2019:18:14:01 +0000	83.31.251.106	/IRS/ 
26/Mar/2019:01:25:55 +0000	34.250.10.193	/ 
26/Mar/2019:02:37:11 +0000	204.13.201.139	/ 
26/Mar/2019:02:37:12 +0000	208.87.233.140	/ 
26/Mar/2019:03:39:36 +0000	34.219.36.191	/ 
26/Mar/2019:07:17:34 +0000	54.189.140.227	/ 
26/Mar/2019:11:17:32 +0000	157.56.31.141	/ 
27/Mar/2019:01:06:58 +0000	35.187.132.33	/blog/ 
27/Mar/2019:01:07:00 +0000	204.13.201.139	/blog/ 
27/Mar/2019:01:07:01 +0000	204.13.201.139	/IRS/ 
27/Mar/2019:01:07:01 +0000	35.187.132.61	/IRS/ 
27/Mar/2019:01:07:02 +0000	208.87.233.140	/IRS 
27/Mar/2019:01:07:02 +0000	208.87.233.140	/IRS/ 
27/Mar/2019:01:07:02 +0000	208.87.233.140	/blog 
27/Mar/2019:01:07:02 +0000	208.87.233.140	/blog/ 
27/Mar/2019:01:07:02 +0000	208.87.233.140	/blog/vendor/jquery/jquery.min.js 
27/Mar/2019:01:07:02 +0000	95.130.9.90	/IRS/ 
27/Mar/2019:01:07:03 +0000	208.87.233.140	/blog/js/contact_me.js 
27/Mar/2019:01:07:03 +0000	208.87.233.140	/blog/js/jqBootstrapValidation.js 
27/Mar/2019:01:07:03 +0000	208.87.233.140	/blog/vendor/bootstrap/js/bootstrap.min.js 
27/Mar/2019:01:07:03 +0000	208.87.233.140	/blog/vendor/font-awesome/css/font-awesome.min.css 
27/Mar/2019:01:07:03 +0000	208.87.233.140	/blog/js/clean-blog.min.js 
27/Mar/2019:01:07:11 +0000	81.174.177.211	/IRS/ 
27/Mar/2019:01:07:11 +0000	46.101.119.24	/IRS/ 
27/Mar/2019:01:07:11 +0000	82.102.20.162	/IRS/ 
27/Mar/2019:01:07:11 +0000	188.166.63.71	/IRS/ 
27/Mar/2019:01:07:11 +0000	193.37.253.112	/IRS/ 
27/Mar/2019:02:09:58 +0000	34.214.188.65	/IRS/ 
27/Mar/2019:02:09:58 +0000	34.214.188.65	/blog/ 
27/Mar/2019:02:11:51 +0000	54.201.200.187	/blog/ 
27/Mar/2019:02:11:51 +0000	54.201.200.187	/IRS/ 
27/Mar/2019:02:12:02 +0000	188.166.98.249	/IRS/ 
27/Mar/2019:02:12:02 +0000	188.166.98.249	/blog/ 
27/Mar/2019:02:12:03 +0000	188.166.98.249	/IRS/ 
27/Mar/2019:02:12:03 +0000	188.166.98.249	/IRS/ 
27/Mar/2019:02:12:03 +0000	188.166.98.249	/IRS/system/send_login.php 
27/Mar/2019:02:12:03 +0000	188.166.98.249	/IRS/system/send_login.php 
27/Mar/2019:02:12:03 +0000	188.166.98.249	/blog/ 
27/Mar/2019:02:12:03 +0000	188.166.98.249	/blog/ 
27/Mar/2019:02:12:03 +0000	188.166.98.249	/IRS/system/send_login.php 
27/Mar/2019:02:51:15 +0000	204.13.201.137	/ 
27/Mar/2019:04:03:03 +0000	54.212.225.119	/ 
27/Mar/2019:07:36:38 +0000	54.189.140.227	/ 
27/Mar/2019:11:26:35 +0000	35.161.55.221	/blog/ 
27/Mar/2019:11:26:36 +0000	35.161.55.221	/IRS/ 
28/Mar/2019:02:37:29 +0000	204.13.201.137	/ 
28/Mar/2019:02:37:30 +0000	208.87.233.140	/ 
28/Mar/2019:03:40:01 +0000	52.36.113.102	/ 
28/Mar/2019:03:40:14 +0000	54.201.200.187	/ 
28/Mar/2019:07:22:03 +0000	54.189.140.227	/ 
29/Mar/2019:03:39:33 +0000	54.186.178.251	/ 
29/Mar/2019:03:39:38 +0000	18.236.220.237	/ 
29/Mar/2019:05:05:04 +0000	36.89.221.146	/ 
29/Mar/2019:06:58:37 +0000	54.189.140.227	/ 
30/Mar/2019:02:29:41 +0000	52.27.6.14	/ 
30/Mar/2019:02:55:31 +0000	204.13.201.139	/ 
30/Mar/2019:02:55:31 +0000	208.87.233.140	/ 
30/Mar/2019:03:58:53 +0000	54.202.149.41	/ 
30/Mar/2019:04:02:58 +0000	54.190.183.39	/ 
30/Mar/2019:07:12:58 +0000	54.189.140.227	/ 
30/Mar/2019:10:19:39 +0000	104.129.40.151	/ 
05/Apr/2019:19:11:07 +0000	204.13.201.139	/blog/ 
05/Apr/2019:19:11:07 +0000	35.187.132.63	/blog/ 
05/Apr/2019:19:11:07 +0000	204.13.201.138	/IRS/ 
05/Apr/2019:19:11:08 +0000	35.187.132.33	/IRS/ 
05/Apr/2019:19:12:42 +0000	52.59.102.42	/blog/ 
05/Apr/2019:19:25:11 +0000	85.115.52.140	/blog 
05/Apr/2019:20:13:48 +0000	54.201.200.187	/IRS/ 
05/Apr/2019:20:13:48 +0000	54.201.200.187	/blog/ 
05/Apr/2019:20:16:29 +0000	188.166.98.249	/IRS/ 
05/Apr/2019:20:16:30 +0000	188.166.98.249	/IRS/ 
05/Apr/2019:20:16:30 +0000	188.166.98.249	/blog/ 
05/Apr/2019:20:16:30 +0000	188.166.98.249	/blog/ 
05/Apr/2019:20:16:30 +0000	188.166.98.249	/IRS/ 
05/Apr/2019:20:16:31 +0000	188.166.98.249	/blog/ 
05/Apr/2019:20:16:31 +0000	188.166.98.249	/IRS/system/send_login.php 
05/Apr/2019:20:16:31 +0000	188.166.98.249	/IRS/system/send_login.php 
05/Apr/2019:20:16:31 +0000	188.166.98.249	/IRS/system/send_login.php 
06/Apr/2019:02:40:48 +0000	52.59.102.42	/ 
06/Apr/2019:03:41:57 +0000	54.187.123.152	/ 
06/Apr/2019:07:31:43 +0000	54.200.223.203	/ 
06/Apr/2019:19:50:49 +0000	172.255.81.156	/ 
06/Apr/2019:20:08:17 +0000	65.52.206.224	/ 
06/Apr/2019:20:10:33 +0000	23.96.250.72	/ 
07/Apr/2019:02:39:19 +0000	204.13.201.139	/ 
07/Apr/2019:02:39:23 +0000	85.115.52.140	/ 
07/Apr/2019:02:47:42 +0000	185.220.101.45	/ 
07/Apr/2019:03:33:05 +0000	54.185.234.96	/ 
07/Apr/2019:03:42:15 +0000	54.202.225.77	/ 
07/Apr/2019:03:42:54 +0000	52.12.196.134	/ 
07/Apr/2019:07:24:59 +0000	54.200.223.203	/ 
07/Apr/2019:16:30:58 +0000	35.187.132.61	/blog/ 
07/Apr/2019:16:30:58 +0000	204.13.201.138	/blog/ 
07/Apr/2019:16:30:58 +0000	204.13.201.138	/IRS/ 
07/Apr/2019:16:30:58 +0000	204.13.201.138	/blog/css/clean-blog.min.css 
07/Apr/2019:16:30:58 +0000	204.13.201.138	/blog/js/clean-blog.min.js 
07/Apr/2019:16:30:59 +0000	35.187.132.63	/IRS/ 
07/Apr/2019:16:31:00 +0000	204.13.201.138	/blog/js/contact_me.js 
07/Apr/2019:16:31:01 +0000	204.13.201.138	/blog/vendor/jquery/jquery.min.js 
07/Apr/2019:16:31:02 +0000	204.13.201.138	/blog/vendor/font-awesome/css/font-awesome.min.css 
07/Apr/2019:16:31:02 +0000	204.13.201.138	/blog/vendor/bootstrap/css/bootstrap.min.css 
07/Apr/2019:16:31:02 +0000	204.13.201.138	/blog/vendor/bootstrap/js/bootstrap.min.js 
07/Apr/2019:16:31:02 +0000	204.13.201.138	/blog/js/jqBootstrapValidation.js 
07/Apr/2019:16:31:02 +0000	208.87.233.140	/IRS 
07/Apr/2019:16:31:03 +0000	208.87.233.140	/IRS/ 
07/Apr/2019:16:32:50 +0000	52.59.102.42	/IRS/ 
07/Apr/2019:16:33:47 +0000	85.115.52.140	/blog 
07/Apr/2019:16:33:53 +0000	85.115.52.140	/blog/ 
07/Apr/2019:16:33:56 +0000	85.115.52.140	/blog/vendor/jquery/jquery.min.js 
07/Apr/2019:16:33:57 +0000	85.115.52.140	/blog/vendor/font-awesome/css/font-awesome.min.css 
07/Apr/2019:16:33:57 +0000	85.115.52.140	/blog/js/jqBootstrapValidation.js 
07/Apr/2019:16:33:57 +0000	85.115.52.140	/blog/vendor/bootstrap/js/bootstrap.min.js 
07/Apr/2019:16:33:57 +0000	85.115.52.140	/blog/js/contact_me.js 
07/Apr/2019:16:33:57 +0000	85.115.52.140	/blog/js/clean-blog.min.js 
07/Apr/2019:16:35:02 +0000	185.220.101.70	/blog/ 
07/Apr/2019:16:35:12 +0000	185.220.101.1	/IRS/ 
07/Apr/2019:16:37:22 +0000	157.230.177.134	/IRS/ 
07/Apr/2019:16:37:22 +0000	217.170.202.120	/IRS/ 
07/Apr/2019:16:37:22 +0000	86.8.251.215	/IRS/ 
07/Apr/2019:16:37:22 +0000	84.93.108.37	/IRS/ 
07/Apr/2019:16:37:22 +0000	179.43.171.40	/IRS/ 
07/Apr/2019:16:38:00 +0000	86.8.251.215	/IRS/ 
07/Apr/2019:16:38:00 +0000	86.8.251.215	/IRS.zip 
07/Apr/2019:16:38:00 +0000	86.8.251.215	/IRS/bank.php 
07/Apr/2019:16:38:00 +0000	86.8.251.215	/IRS/c99.php 
07/Apr/2019:16:38:00 +0000	86.8.251.215	/IRS/k.php 
07/Apr/2019:16:38:01 +0000	86.8.251.215	/IRS/r57.php 
07/Apr/2019:16:38:01 +0000	86.8.251.215	/IRS/root.php 
07/Apr/2019:16:38:01 +0000	86.8.251.215	/IRS/shell.php 
07/Apr/2019:16:38:01 +0000	86.8.251.215	/IRS/wp.php 
07/Apr/2019:16:38:01 +0000	86.8.251.215	/IRS/wso.php 
07/Apr/2019:16:38:01 +0000	86.8.251.215	/IRS/xml.php 
07/Apr/2019:16:38:02 +0000	86.8.251.215	/IRS/mysql.php 
07/Apr/2019:16:38:02 +0000	86.8.251.215	/IRS/webadmin.php 
07/Apr/2019:16:38:02 +0000	86.8.251.215	/IRS/admin.php 
07/Apr/2019:16:38:02 +0000	86.8.251.215	/IRS/cmd.php 
07/Apr/2019:16:38:02 +0000	86.8.251.215	/IRS/sh.php 
07/Apr/2019:16:38:03 +0000	86.8.251.215	/IRS/wsoshell.php 
07/Apr/2019:16:38:03 +0000	86.8.251.215	/IRS/wso2.php 
07/Apr/2019:16:38:03 +0000	86.8.251.215	/IRS/x505x.php 
07/Apr/2019:16:38:03 +0000	86.8.251.215	/IRS/ws.php 
07/Apr/2019:16:38:03 +0000	86.8.251.215	/IRS/2017.php 
07/Apr/2019:16:38:03 +0000	86.8.251.215	/IRS/w.php 
07/Apr/2019:16:38:04 +0000	86.8.251.215	/IRS/11.php 
07/Apr/2019:16:38:04 +0000	86.8.251.215	/IRS/w0rm.php 
07/Apr/2019:16:38:04 +0000	86.8.251.215	/IRS/webadmin.phtml 
07/Apr/2019:16:38:04 +0000	86.8.251.215	/IRS/v0.php 
07/Apr/2019:16:38:05 +0000	86.8.251.215	/IRS/kk.php 
07/Apr/2019:16:38:05 +0000	86.8.251.215	/IRS/conf.php 
07/Apr/2019:16:38:05 +0000	86.8.251.215	/IRS/kok1.php 
07/Apr/2019:16:38:05 +0000	86.8.251.215	/IRS/mms.php 
07/Apr/2019:16:38:05 +0000	86.8.251.215	/IRS/inbox1.php 
07/Apr/2019:16:38:06 +0000	86.8.251.215	/IRS/1n73ction.php 
07/Apr/2019:16:38:06 +0000	86.8.251.215	/IRS/2016.php 
07/Apr/2019:16:38:06 +0000	86.8.251.215	/IRS/555.html 
07/Apr/2019:16:38:06 +0000	86.8.251.215	/IRS/asp.asp 
07/Apr/2019:16:38:06 +0000	86.8.251.215	/IRS/b374k.php 
07/Apr/2019:16:38:06 +0000	86.8.251.215	/IRS/cache.php 
07/Apr/2019:16:38:07 +0000	86.8.251.215	/IRS/cgi.php 
07/Apr/2019:16:38:07 +0000	86.8.251.215	/IRS/dd.php 
07/Apr/2019:16:38:07 +0000	86.8.251.215	/IRS/GaZa.php 
07/Apr/2019:16:38:07 +0000	86.8.251.215	/IRS/g.php 
07/Apr/2019:16:38:07 +0000	86.8.251.215	/IRS/hatchbacki_reg.php 
07/Apr/2019:16:38:08 +0000	86.8.251.215	/IRS/idv6.gif 
07/Apr/2019:16:38:08 +0000	86.8.251.215	/IRS/injectionv3.php 
07/Apr/2019:16:38:08 +0000	86.8.251.215	/IRS/kacak.asp 
07/Apr/2019:16:38:08 +0000	86.8.251.215	/IRS/kacak.php 
07/Apr/2019:16:38:09 +0000	86.8.251.215	/IRS/klasvayv.asp 
07/Apr/2019:16:38:09 +0000	86.8.251.215	/IRS/liz0zim.php 
07/Apr/2019:16:38:09 +0000	86.8.251.215	/IRS/..php 
07/Apr/2019:16:38:09 +0000	86.8.251.215	/IRS/PHPJackal.php 
07/Apr/2019:16:38:09 +0000	86.8.251.215	/IRS/pouyaserver.asp 
07/Apr/2019:16:38:09 +0000	86.8.251.215	/IRS/safe0ver.php 
07/Apr/2019:16:38:10 +0000	86.8.251.215	/IRS/syrian.php 
07/Apr/2019:16:38:10 +0000	86.8.251.215	/IRS/tryag.php 
07/Apr/2019:16:38:10 +0000	86.8.251.215	/IRS/tryagshell.php 
07/Apr/2019:16:38:10 +0000	86.8.251.215	/IRS/webroot.php 
07/Apr/2019:16:38:10 +0000	86.8.251.215	/IRS/zehir4shell.asp 
07/Apr/2019:16:38:10 +0000	86.8.251.215	/IRS/1.php 
07/Apr/2019:16:38:11 +0000	86.8.251.215	/IRS/2.php 
07/Apr/2019:16:38:11 +0000	86.8.251.215	/IRS/3.php 
07/Apr/2019:16:38:11 +0000	86.8.251.215	/IRS/m.php 
07/Apr/2019:16:38:11 +0000	86.8.251.215	/IRS/a.php 
07/Apr/2019:16:38:11 +0000	86.8.251.215	/IRS/r.php 
07/Apr/2019:16:38:11 +0000	86.8.251.215	/IRS/4.php 
07/Apr/2019:16:38:12 +0000	86.8.251.215	/IRS/5.php 
07/Apr/2019:16:38:12 +0000	86.8.251.215	/IRS/304.php 
07/Apr/2019:16:38:12 +0000	86.8.251.215	/IRS/403.php 
07/Apr/2019:16:38:12 +0000	86.8.251.215	/IRS/404.php 
07/Apr/2019:16:38:12 +0000	86.8.251.215	/IRS/502.php 
07/Apr/2019:16:38:12 +0000	86.8.251.215	/IRS/5327.php 
07/Apr/2019:16:38:13 +0000	86.8.251.215	/IRS/552dHHHHHHHHFFFFF5.php.php 
07/Apr/2019:16:38:13 +0000	86.8.251.215	/IRS/7892.php 
07/Apr/2019:16:38:13 +0000	86.8.251.215	/IRS/admins.php 
07/Apr/2019:16:38:13 +0000	86.8.251.215	/IRS/ajax.php 
07/Apr/2019:16:38:13 +0000	86.8.251.215	/IRS/akismet.php 
07/Apr/2019:16:38:13 +0000	86.8.251.215	/IRS/anzost.php 
07/Apr/2019:16:38:14 +0000	86.8.251.215	/IRS/authorize.php 
07/Apr/2019:16:38:14 +0000	86.8.251.215	/IRS/b4ck.php 
07/Apr/2019:16:38:14 +0000	86.8.251.215	/IRS/backup.php 
07/Apr/2019:16:38:14 +0000	86.8.251.215	/IRS/Black.php 
07/Apr/2019:16:38:14 +0000	86.8.251.215	/IRS/c100.php 
07/Apr/2019:16:38:15 +0000	86.8.251.215	/IRS/cacheplugin.php 
07/Apr/2019:16:38:15 +0000	86.8.251.215	/IRS/cashe.php 
07/Apr/2019:16:38:15 +0000	86.8.251.215	/IRS/config.php 
07/Apr/2019:16:38:15 +0000	86.8.251.215	/IRS/configs.php 
07/Apr/2019:16:38:15 +0000	86.8.251.215	/IRS/conflg.php 
07/Apr/2019:16:38:15 +0000	86.8.251.215	/IRS/count.php 
07/Apr/2019:16:38:16 +0000	86.8.251.215	/IRS/cpanel.php 
07/Apr/2019:16:38:16 +0000	86.8.251.215	/IRS/cpn.php 
07/Apr/2019:16:38:16 +0000	86.8.251.215	/IRS/cp.php 
07/Apr/2019:16:38:16 +0000	86.8.251.215	/IRS/d00.php 
07/Apr/2019:16:38:16 +0000	86.8.251.215	/IRS/dam.php 
07/Apr/2019:16:38:16 +0000	86.8.251.215	/IRS/data.php 
07/Apr/2019:16:38:17 +0000	86.8.251.215	/IRS/dbase.php 
07/Apr/2019:16:38:17 +0000	86.8.251.215	/IRS/dirs.php 
07/Apr/2019:16:38:17 +0000	86.8.251.215	/IRS/d.php 
07/Apr/2019:16:38:17 +0000	86.8.251.215	/IRS/dz1.php 
07/Apr/2019:16:38:17 +0000	86.8.251.215	/IRS/dz.php 
07/Apr/2019:16:38:17 +0000	86.8.251.215	/IRS/footer.php 
07/Apr/2019:16:38:18 +0000	86.8.251.215	/IRS/functions.php 
07/Apr/2019:16:38:18 +0000	86.8.251.215	/IRS/gaza.php 
07/Apr/2019:16:38:18 +0000	86.8.251.215	/IRS/get.php 
07/Apr/2019:16:38:18 +0000	86.8.251.215	/IRS/green.php 
07/Apr/2019:16:38:18 +0000	86.8.251.215	/IRS/guarding.php 
07/Apr/2019:16:38:18 +0000	86.8.251.215	/IRS/header.php 
07/Apr/2019:16:38:19 +0000	86.8.251.215	/IRS/hmei7mailer.php 
07/Apr/2019:16:38:19 +0000	86.8.251.215	/IRS/homepage.php 
07/Apr/2019:16:38:19 +0000	86.8.251.215	/IRS/hung.php 
07/Apr/2019:16:38:19 +0000	86.8.251.215	/IRS/inbox.php 
07/Apr/2019:16:38:19 +0000	86.8.251.215	/IRS/inbx.php 
07/Apr/2019:16:38:19 +0000	86.8.251.215	/IRS/include.php 
07/Apr/2019:16:38:20 +0000	86.8.251.215	/IRS/ini.php 
07/Apr/2019:16:38:20 +0000	86.8.251.215	/IRS/interface.php 
07/Apr/2019:16:38:20 +0000	86.8.251.215	/IRS/int.php 
07/Apr/2019:16:38:20 +0000	86.8.251.215	/IRS/jb.php 
07/Apr/2019:16:38:20 +0000	86.8.251.215	/IRS/jo.php 
07/Apr/2019:16:38:20 +0000	86.8.251.215	/IRS/killer.php 
07/Apr/2019:16:38:21 +0000	86.8.251.215	/IRS/lang.php 
07/Apr/2019:16:38:21 +0000	86.8.251.215	/IRS/law.php 
07/Apr/2019:16:38:21 +0000	86.8.251.215	/IRS/libs.php 
07/Apr/2019:16:38:21 +0000	86.8.251.215	/IRS/log.php 
07/Apr/2019:16:38:21 +0000	86.8.251.215	/IRS/lol.php 
07/Apr/2019:16:38:21 +0000	86.8.251.215	/IRS/l.php 
07/Apr/2019:16:38:22 +0000	86.8.251.215	/IRS/madspot.php 
07/Apr/2019:16:38:22 +0000	86.8.251.215	/IRS/mailer.php 
07/Apr/2019:16:38:22 +0000	86.8.251.215	/IRS/mailerx.php 
07/Apr/2019:16:38:22 +0000	86.8.251.215	/IRS/mail.php 
07/Apr/2019:16:38:22 +0000	86.8.251.215	/IRS/mails.php 
07/Apr/2019:16:38:23 +0000	86.8.251.215	/IRS/maxo.php 
07/Apr/2019:16:38:23 +0000	86.8.251.215	/IRS/mlr2.php 
07/Apr/2019:16:38:23 +0000	86.8.251.215	/IRS/plugins.php 
07/Apr/2019:16:38:23 +0000	86.8.251.215	/IRS/post.php 
07/Apr/2019:16:38:23 +0000	86.8.251.215	/IRS/press.php 
07/Apr/2019:16:38:23 +0000	86.8.251.215	/IRS/priv8.php 
07/Apr/2019:16:38:24 +0000	86.8.251.215	/IRS/r00t.php 
07/Apr/2019:16:38:24 +0000	86.8.251.215	/IRS/red.php 
07/Apr/2019:16:38:24 +0000	86.8.251.215	/IRS/sa.php 
07/Apr/2019:16:38:24 +0000	86.8.251.215	/IRS/sent.php 
07/Apr/2019:16:38:24 +0000	86.8.251.215	/IRS/session.php 
07/Apr/2019:16:38:24 +0000	86.8.251.215	/IRS/Sh3ll.php 
07/Apr/2019:16:38:25 +0000	86.8.251.215	/IRS/sql.php 
07/Apr/2019:16:38:25 +0000	86.8.251.215	/IRS/stats.php 
07/Apr/2019:16:38:25 +0000	86.8.251.215	/IRS/symlink.php 
07/Apr/2019:16:38:25 +0000	86.8.251.215	/IRS/sYm.php 
07/Apr/2019:16:38:25 +0000	86.8.251.215	/IRS/sys_conf.php 
07/Apr/2019:16:38:25 +0000	86.8.251.215	/IRS/sysinfo.php 
07/Apr/2019:16:38:26 +0000	86.8.251.215	/IRS/syslib.php 
07/Apr/2019:16:38:26 +0000	86.8.251.215	/IRS/systemscash.php 
07/Apr/2019:16:38:26 +0000	86.8.251.215	/IRS/t00.php 
07/Apr/2019:16:38:26 +0000	86.8.251.215	/IRS/template.php 
07/Apr/2019:16:38:26 +0000	86.8.251.215	/IRS/themes.php 
07/Apr/2019:16:38:26 +0000	86.8.251.215	/IRS/title.php 
07/Apr/2019:16:38:27 +0000	86.8.251.215	/IRS/tmp-header.php 
07/Apr/2019:16:38:27 +0000	86.8.251.215	/IRS/tmp.php 
07/Apr/2019:16:38:27 +0000	86.8.251.215	/IRS/toibb.php 
07/Apr/2019:16:38:27 +0000	86.8.251.215	/IRS/u.php 
07/Apr/2019:16:38:27 +0000	86.8.251.215	/IRS/upload.php 
07/Apr/2019:16:38:27 +0000	86.8.251.215	/IRS/uploads.php 
07/Apr/2019:16:38:28 +0000	86.8.251.215	/IRS/up.php 
07/Apr/2019:16:38:28 +0000	86.8.251.215	/IRS/us2.php 
07/Apr/2019:16:38:28 +0000	86.8.251.215	/IRS/user.php 
07/Apr/2019:16:38:28 +0000	86.8.251.215	/IRS/users.php 
07/Apr/2019:16:38:28 +0000	86.8.251.215	/IRS/wp-confiq.php 
07/Apr/2019:16:38:28 +0000	86.8.251.215	/IRS/wp-conf.php 
07/Apr/2019:16:38:29 +0000	86.8.251.215	/IRS/wp-conn.php 
07/Apr/2019:16:38:29 +0000	86.8.251.215	/IRS/wp-jrvlgtp.php 
07/Apr/2019:16:38:29 +0000	86.8.251.215	/IRS/wp-lib.php 
07/Apr/2019:16:38:29 +0000	86.8.251.215	/IRS/wp-logins.php 
07/Apr/2019:16:38:29 +0000	86.8.251.215	/IRS/wpsen64.php 
07/Apr/2019:16:38:29 +0000	86.8.251.215	/IRS/wp-upload.php 
07/Apr/2019:16:38:30 +0000	86.8.251.215	/IRS/WSO.php 
07/Apr/2019:16:38:30 +0000	86.8.251.215	/IRS/xd.php 
07/Apr/2019:16:38:30 +0000	86.8.251.215	/IRS/x.php 
07/Apr/2019:16:38:30 +0000	86.8.251.215	/IRS/xysdosiu.php 
07/Apr/2019:16:38:30 +0000	86.8.251.215	/IRS/zbbss.php 
07/Apr/2019:16:38:30 +0000	86.8.251.215	/IRS/zreon.php 
07/Apr/2019:16:38:31 +0000	86.8.251.215	/IRS/sop.php 
07/Apr/2019:16:38:31 +0000	86.8.251.215	/IRS/x4d.php 
07/Apr/2019:16:38:31 +0000	86.8.251.215	/IRS/linux.php 
07/Apr/2019:16:38:31 +0000	86.8.251.215	/IRS/opio.php 
07/Apr/2019:16:38:31 +0000	86.8.251.215	/IRS/view.html.php 
07/Apr/2019:16:38:31 +0000	86.8.251.215	/IRS/si.php 
07/Apr/2019:16:38:32 +0000	86.8.251.215	/IRS/php_info.php 
07/Apr/2019:16:38:32 +0000	86.8.251.215	/IRS/htaccess.php 
07/Apr/2019:16:38:32 +0000	86.8.251.215	/IRS/0day.php 
07/Apr/2019:16:38:32 +0000	86.8.251.215	/IRS/10.php 
07/Apr/2019:16:38:32 +0000	86.8.251.215	/IRS/123.php 
07/Apr/2019:16:38:32 +0000	86.8.251.215	/IRS/12.php 
07/Apr/2019:16:38:33 +0000	86.8.251.215	/IRS/6.php 
07/Apr/2019:16:38:33 +0000	86.8.251.215	/IRS/7.php 
07/Apr/2019:16:38:33 +0000	86.8.251.215	/IRS/8.php 
07/Apr/2019:16:38:33 +0000	86.8.251.215	/IRS/9.php 
07/Apr/2019:16:38:33 +0000	86.8.251.215	/IRS/admin1 
07/Apr/2019:16:38:33 +0000	86.8.251.215	/IRS/admin2.asp 
07/Apr/2019:16:38:34 +0000	86.8.251.215	/IRS/admins 
07/Apr/2019:16:38:34 +0000	86.8.251.215	/IRS/anonghost.php 
07/Apr/2019:16:38:34 +0000	86.8.251.215	/IRS/anon.php 
07/Apr/2019:16:38:34 +0000	86.8.251.215	/IRS/asp.aspx 
07/Apr/2019:16:38:34 +0000	86.8.251.215	/IRS/awstats 
07/Apr/2019:16:38:34 +0000	86.8.251.215	/IRS/b374.php 
07/Apr/2019:16:38:35 +0000	86.8.251.215	/IRS/back.sql 
07/Apr/2019:16:38:35 +0000	86.8.251.215	/IRS/backup.sql 
07/Apr/2019:16:38:35 +0000	86.8.251.215	/IRS/bluff.php 
07/Apr/2019:16:38:35 +0000	86.8.251.215	/IRS/b.php 
07/Apr/2019:16:38:36 +0000	86.8.251.215	/IRS/buck.sql 
07/Apr/2019:16:38:36 +0000	86.8.251.215	/IRS/cgi.pl 
07/Apr/2019:16:38:36 +0000	86.8.251.215	/IRS/configuration.php 
07/Apr/2019:16:38:36 +0000	86.8.251.215	/IRS/cpanel 
07/Apr/2019:16:38:36 +0000	86.8.251.215	/IRS/Cpanel.php 
07/Apr/2019:16:38:36 +0000	86.8.251.215	/IRS/c.php 
07/Apr/2019:16:38:37 +0000	86.8.251.215	/IRS/e.php 
07/Apr/2019:16:38:37 +0000	86.8.251.215	/IRS/error 
07/Apr/2019:16:38:37 +0000	86.8.251.215	/IRS/error_log 
07/Apr/2019:16:38:37 +0000	86.8.251.215	/IRS/f.php 
07/Apr/2019:16:38:37 +0000	86.8.251.215	/IRS/ftp.txt 
07/Apr/2019:16:38:37 +0000	86.8.251.215	/IRS/fuck.php 
07/Apr/2019:16:38:38 +0000	86.8.251.215	/IRS/hacked.php 
07/Apr/2019:16:38:38 +0000	86.8.251.215	/IRS/hacker.php 
07/Apr/2019:16:38:38 +0000	86.8.251.215	/IRS/hello.php 
07/Apr/2019:16:38:38 +0000	86.8.251.215	/IRS/hi.php 
07/Apr/2019:16:38:38 +0000	86.8.251.215	/IRS/home 
07/Apr/2019:16:38:38 +0000	86.8.251.215	/IRS/home.rar 
07/Apr/2019:16:38:39 +0000	86.8.251.215	/IRS/home.tar 
07/Apr/2019:16:38:39 +0000	86.8.251.215	/IRS/home.tar.gz 
07/Apr/2019:16:38:39 +0000	86.8.251.215	/IRS/home.zip 
07/Apr/2019:16:38:39 +0000	86.8.251.215	/IRS/h.php 
07/Apr/2019:16:38:39 +0000	86.8.251.215	/IRS/includes.php 
07/Apr/2019:16:38:39 +0000	86.8.251.215	/IRS/index.php 
07/Apr/2019:16:38:40 +0000	86.8.251.215	/IRS/info.php 
07/Apr/2019:16:38:40 +0000	86.8.251.215	/IRS/i.php 
07/Apr/2019:16:38:40 +0000	86.8.251.215	/IRS/j.php 
07/Apr/2019:16:38:40 +0000	86.8.251.215	/IRS/k2ll33d.php 
07/Apr/2019:16:38:40 +0000	86.8.251.215	/IRS/k2ll.php 
07/Apr/2019:16:38:40 +0000	86.8.251.215	/IRS/love.php 
07/Apr/2019:16:38:41 +0000	86.8.251.215	/IRS/ls.php 
07/Apr/2019:16:38:41 +0000	86.8.251.215	/IRS/n.php 
07/Apr/2019:16:38:41 +0000	86.8.251.215	/IRS/o.php 
07/Apr/2019:16:38:41 +0000	86.8.251.215	/IRS/p.php 
07/Apr/2019:16:38:41 +0000	86.8.251.215	/IRS/q.php 
07/Apr/2019:16:38:41 +0000	86.8.251.215	/IRS/r00t-s3c.php 
07/Apr/2019:16:38:42 +0000	86.8.251.215	/IRS/r0ot.php 
07/Apr/2019:16:38:42 +0000	86.8.251.215	/IRS/rhuk_milkyway 
07/Apr/2019:16:38:42 +0000	86.8.251.215	/IRS/sado.php 
07/Apr/2019:16:38:42 +0000	86.8.251.215	/IRS/sea.php 
07/Apr/2019:16:38:42 +0000	86.8.251.215	/IRS/Server 
07/Apr/2019:16:38:42 +0000	86.8.251.215	/IRS/sitemap-core.php 
07/Apr/2019:16:38:43 +0000	86.8.251.215	/IRS/sniper.php 
07/Apr/2019:16:38:43 +0000	86.8.251.215	/IRS/sos.php 
07/Apr/2019:16:38:43 +0000	86.8.251.215	/IRS/s.php 
07/Apr/2019:16:38:43 +0000	86.8.251.215	/IRS/spy.aspx 
07/Apr/2019:16:38:43 +0000	86.8.251.215	/IRS/sql-new.php 
07/Apr/2019:16:38:44 +0000	86.8.251.215	/IRS/ssl.php 
07/Apr/2019:16:38:44 +0000	86.8.251.215	/IRS/Sym.php 
07/Apr/2019:16:38:44 +0000	86.8.251.215	/IRS/sysadmins 
07/Apr/2019:16:38:44 +0000	86.8.251.215	/IRS/term.php 
07/Apr/2019:16:38:44 +0000	86.8.251.215	/IRS/test.txt 
07/Apr/2019:16:38:44 +0000	86.8.251.215	/IRS/t.php 
07/Apr/2019:16:38:44 +0000	86.8.251.215	/IRS/up 
07/Apr/2019:16:38:45 +0000	86.8.251.215	/IRS/upload 
07/Apr/2019:16:38:45 +0000	86.8.251.215	/IRS/useradmin 
07/Apr/2019:16:38:45 +0000	86.8.251.215	/IRS/v.php 
07/Apr/2019:16:38:45 +0000	86.8.251.215	/IRS/webadmin.html 
07/Apr/2019:16:38:45 +0000	86.8.251.215	/IRS/web.php 
07/Apr/2019:16:38:45 +0000	86.8.251.215	/IRS/widget.php 
07/Apr/2019:16:38:46 +0000	86.8.251.215	/IRS/wp.zip 
07/Apr/2019:16:38:46 +0000	86.8.251.215	/IRS/X.php 
07/Apr/2019:16:38:46 +0000	86.8.251.215	/IRS/y.php 
07/Apr/2019:16:38:46 +0000	86.8.251.215	/IRS/z.php 
07/Apr/2019:16:38:46 +0000	86.8.251.215	/IRS/leafmailer.php 
07/Apr/2019:16:38:47 +0000	86.8.251.215	/IRS/afav.php 
07/Apr/2019:16:38:47 +0000	86.8.251.215	/IRS/wp-settings.php 
07/Apr/2019:16:38:47 +0000	86.8.251.215	/IRS/index11.php 
07/Apr/2019:16:38:47 +0000	86.8.251.215	/IRS/aa.php 
07/Apr/2019:16:38:47 +0000	196.52.84.58	/IRS/ 
07/Apr/2019:16:38:47 +0000	196.52.84.58	/IRS/style/css/styles-nonie-1022.css 
07/Apr/2019:16:38:47 +0000	196.52.84.58	/IRS/style/css/table.css 
07/Apr/2019:16:38:47 +0000	196.52.84.58	/IRS/style/css/password-feedback-styles-nonie-1024.css 
07/Apr/2019:16:38:47 +0000	196.52.84.58	/IRS/style/css/logo.png 
07/Apr/2019:16:38:47 +0000	196.52.84.58	/IRS/style/css/button_login.jpg 
07/Apr/2019:16:38:47 +0000	196.52.84.58	/IRS/style/css/button_create_account.jpg 
07/Apr/2019:16:38:47 +0000	196.52.84.58	/IRS/style/css/button_create_account.jpg 
07/Apr/2019:16:38:47 +0000	196.52.84.58	/IRS/style/css/button_login.jpg 
07/Apr/2019:16:38:47 +0000	86.8.251.215	/IRS/unzip.php 
07/Apr/2019:16:38:47 +0000	86.8.251.215	/IRS/db.php 
07/Apr/2019:16:38:48 +0000	86.8.251.215	/IRS/13.php 
07/Apr/2019:16:38:48 +0000	86.8.251.215	/IRS/wp-info.php 
07/Apr/2019:16:38:48 +0000	86.8.251.215	/IRS/black.prot.php 
07/Apr/2019:16:38:48 +0000	86.8.251.215	/IRS/325.php 
07/Apr/2019:16:38:48 +0000	86.8.251.215	/IRS/xupe.php 
07/Apr/2019:16:38:49 +0000	86.8.251.215	/IRS/leaf.php 
07/Apr/2019:16:38:49 +0000	86.8.251.215	/IRS/c1.php 
07/Apr/2019:16:38:49 +0000	86.8.251.215	/IRS/test.php 
07/Apr/2019:16:38:49 +0000	86.8.251.215	/IRS/wp-mail.php 
07/Apr/2019:16:38:49 +0000	86.8.251.215	/IRS/xmlrpc.php 
07/Apr/2019:16:38:50 +0000	86.8.251.215	/IRS/wp-signup.php 
07/Apr/2019:16:38:50 +0000	86.8.251.215	/IRS/wp-config.php 
07/Apr/2019:16:38:50 +0000	86.8.251.215	/IRS/wp-trackback.php 
07/Apr/2019:16:38:50 +0000	86.8.251.215	/IRS/wp-login.php 
07/Apr/2019:16:38:50 +0000	86.8.251.215	/IRS/wp-load.php 
07/Apr/2019:16:38:50 +0000	86.8.251.215	/IRS/wp-blog-header.php 
07/Apr/2019:16:38:51 +0000	86.8.251.215	/IRS/wp-links-opml.php 
07/Apr/2019:16:38:51 +0000	86.8.251.215	/IRS/wp-activate.php 
07/Apr/2019:16:38:51 +0000	86.8.251.215	/IRS/wp-cron.php 
07/Apr/2019:16:38:51 +0000	86.8.251.215	/IRS/Unzipi.php 
07/Apr/2019:16:38:51 +0000	86.8.251.215	/IRS/wp-comments-post.php 
07/Apr/2019:16:38:52 +0000	86.8.251.215	/IRS/readme.html 
07/Apr/2019:16:38:52 +0000	185.104.186.168	/IRS/ 
07/Apr/2019:16:38:52 +0000	185.104.186.168	/IRS/style/css/styles-nonie-1022.css 
07/Apr/2019:16:38:52 +0000	185.104.186.168	/IRS/style/css/password-feedback-styles-nonie-1024.css 
07/Apr/2019:16:38:52 +0000	185.104.186.168	/IRS/style/css/table.css 
07/Apr/2019:16:38:52 +0000	185.104.186.168	/IRS/style/css/button_login.jpg 
07/Apr/2019:16:38:52 +0000	185.104.186.168	/IRS/style/css/button_create_account.jpg 
07/Apr/2019:16:38:52 +0000	185.104.186.168	/IRS/style/css/button_create_account.jpg 
07/Apr/2019:16:38:53 +0000	185.104.186.168	/IRS/style/css/logo.png 
07/Apr/2019:16:38:53 +0000	185.104.186.168	/IRS/style/css/button_login.jpg 
07/Apr/2019:16:38:53 +0000	185.104.186.168	/IRS/style/css/button_login.jpg 
07/Apr/2019:16:38:53 +0000	185.104.186.168	/IRS/style/css/button_create_account.jpg 
07/Apr/2019:16:38:53 +0000	86.8.251.215	/IRS/wp-config-sample.php 
07/Apr/2019:16:38:53 +0000	159.203.0.156	/ 
07/Apr/2019:16:38:53 +0000	86.8.251.215	/IRS/file.php 
07/Apr/2019:16:38:53 +0000	86.8.251.215	/IRS/css.php 
07/Apr/2019:16:38:53 +0000	86.8.251.215	/IRS/defult.php 
07/Apr/2019:16:38:55 +0000	86.8.251.215	/IRS/error.php 
07/Apr/2019:16:38:56 +0000	86.8.251.215	/IRS/v3.php 
07/Apr/2019:16:38:56 +0000	86.8.251.215	/IRS/phpmailer.php 
07/Apr/2019:16:38:56 +0000	86.8.251.215	/IRS/unzipper.php 
07/Apr/2019:16:38:57 +0000	86.8.251.215	/IRS/sdb.php 
07/Apr/2019:16:38:57 +0000	86.8.251.215	/IRS/whois.php 
07/Apr/2019:16:38:57 +0000	86.8.251.215	/IRS/wp-asyncio.php 
07/Apr/2019:16:38:57 +0000	86.8.251.215	/IRS/wp-assign.php 
07/Apr/2019:16:38:57 +0000	86.8.251.215	/IRS/guest.php 
07/Apr/2019:16:38:58 +0000	86.8.251.215	/IRS/wp-pages.php 
07/Apr/2019:16:38:58 +0000	86.8.251.215	/IRS/wp-count.php 
07/Apr/2019:16:38:58 +0000	86.8.251.215	/IRS/wp-counter.php 
07/Apr/2019:16:38:58 +0000	86.8.251.215	/IRS/wp-connect.php 
07/Apr/2019:16:38:58 +0000	86.8.251.215	/IRS/wp_count.php 
07/Apr/2019:16:38:58 +0000	86.8.251.215	/IRS/zoplo.php 
07/Apr/2019:16:38:59 +0000	86.8.251.215	/IRS/woplo.php 
07/Apr/2019:16:38:59 +0000	86.8.251.215	/IRS/getid3s.php 
07/Apr/2019:16:38:59 +0000	86.8.251.215	/IRS/page.php 
07/Apr/2019:16:38:59 +0000	86.8.251.215	/IRS/article.php 
07/Apr/2019:16:38:59 +0000	86.8.251.215	/IRS/login.php 
07/Apr/2019:16:38:59 +0000	86.8.251.215	/IRS/search.php 
07/Apr/2019:16:39:00 +0000	86.8.251.215	/ 
07/Apr/2019:16:39:00 +0000	86.8.251.215	/bank.php 
07/Apr/2019:16:39:00 +0000	86.8.251.215	/c99.php 
07/Apr/2019:16:39:00 +0000	86.8.251.215	/k.php 
07/Apr/2019:16:39:00 +0000	86.8.251.215	/r57.php 
07/Apr/2019:16:39:01 +0000	86.8.251.215	/root.php 
07/Apr/2019:16:39:01 +0000	86.8.251.215	/shell.php 
07/Apr/2019:16:39:01 +0000	86.8.251.215	/wp.php 
07/Apr/2019:16:39:01 +0000	86.8.251.215	/wso.php 
07/Apr/2019:16:39:01 +0000	86.8.251.215	/xml.php 
07/Apr/2019:16:39:01 +0000	66.102.7.26	/IRS/ 
07/Apr/2019:16:39:02 +0000	86.8.251.215	/mysql.php 
07/Apr/2019:16:39:02 +0000	66.102.7.26	/IRS/style/css/styles-nonie-1022.css 
07/Apr/2019:16:39:02 +0000	66.102.7.25	/IRS/style/css/logo.png 
07/Apr/2019:16:39:02 +0000	66.102.7.27	/IRS/style/css/password-feedback-styles-nonie-1024.css 
07/Apr/2019:16:39:02 +0000	86.8.251.215	/webadmin.php 
07/Apr/2019:16:39:02 +0000	66.102.7.26	/IRS/style/css/button_create_account.jpg 
07/Apr/2019:16:39:02 +0000	66.102.7.25	/IRS/style/css/table.css 
07/Apr/2019:16:39:02 +0000	66.102.7.27	/IRS/style/css/button_login.jpg 
07/Apr/2019:16:39:02 +0000	86.8.251.215	/admin.php 
07/Apr/2019:16:39:02 +0000	86.8.251.215	/cmd.php 
07/Apr/2019:16:39:02 +0000	86.8.251.215	/sh.php 
07/Apr/2019:16:39:02 +0000	86.8.251.215	/wsoshell.php 
07/Apr/2019:16:39:03 +0000	86.8.251.215	/wso2.php 
07/Apr/2019:16:39:03 +0000	86.8.251.215	/x505x.php 
07/Apr/2019:16:39:03 +0000	86.8.251.215	/ws.php 
07/Apr/2019:16:39:03 +0000	86.8.251.215	/2017.php 
07/Apr/2019:16:39:03 +0000	86.8.251.215	/w.php 
07/Apr/2019:16:39:04 +0000	86.8.251.215	/11.php 
07/Apr/2019:16:39:04 +0000	86.8.251.215	/w0rm.php 
07/Apr/2019:16:39:04 +0000	86.8.251.215	/webadmin.phtml 
07/Apr/2019:16:39:04 +0000	86.8.251.215	/v0.php 
07/Apr/2019:16:39:04 +0000	86.8.251.215	/kk.php 
07/Apr/2019:16:39:04 +0000	86.8.251.215	/conf.php 
07/Apr/2019:16:39:05 +0000	86.8.251.215	/kok1.php 
07/Apr/2019:16:39:05 +0000	86.8.251.215	/mms.php 
07/Apr/2019:16:39:05 +0000	86.8.251.215	/inbox1.php 
07/Apr/2019:16:39:05 +0000	86.8.251.215	/1n73ction.php 
07/Apr/2019:16:39:05 +0000	86.8.251.215	/2016.php 
07/Apr/2019:16:39:05 +0000	86.8.251.215	/555.html 
07/Apr/2019:16:39:06 +0000	86.8.251.215	/asp.asp 
07/Apr/2019:16:39:06 +0000	86.8.251.215	/b374k.php 
07/Apr/2019:16:39:06 +0000	86.8.251.215	/cache.php 
07/Apr/2019:16:39:06 +0000	86.8.251.215	/cgi.php 
07/Apr/2019:16:39:06 +0000	86.8.251.215	/dd.php 
07/Apr/2019:16:39:06 +0000	86.8.251.215	/GaZa.php 
07/Apr/2019:16:39:07 +0000	86.8.251.215	/g.php 
07/Apr/2019:16:39:07 +0000	86.8.251.215	/hatchbacki_reg.php 
07/Apr/2019:16:39:07 +0000	86.8.251.215	/idv6.gif 
07/Apr/2019:16:39:07 +0000	86.8.251.215	/injectionv3.php 
07/Apr/2019:16:39:07 +0000	86.8.251.215	/kacak.asp 
07/Apr/2019:16:39:07 +0000	86.8.251.215	/kacak.php 
07/Apr/2019:16:39:08 +0000	86.8.251.215	/klasvayv.asp 
07/Apr/2019:16:39:08 +0000	86.8.251.215	/liz0zim.php 
07/Apr/2019:16:39:08 +0000	86.8.251.215	/..php 
07/Apr/2019:16:39:08 +0000	86.8.251.215	/PHPJackal.php 
07/Apr/2019:16:39:08 +0000	86.8.251.215	/pouyaserver.asp 
07/Apr/2019:16:39:08 +0000	86.8.251.215	/safe0ver.php 
07/Apr/2019:16:39:09 +0000	86.8.251.215	/syrian.php 
07/Apr/2019:16:39:09 +0000	86.8.251.215	/tryag.php 
07/Apr/2019:16:39:09 +0000	86.8.251.215	/tryagshell.php 
07/Apr/2019:16:39:09 +0000	86.8.251.215	/webroot.php 
07/Apr/2019:16:39:09 +0000	86.8.251.215	/zehir4shell.asp 
07/Apr/2019:16:39:09 +0000	86.8.251.215	/1.php 
07/Apr/2019:16:39:10 +0000	86.8.251.215	/2.php 
07/Apr/2019:16:39:10 +0000	86.8.251.215	/3.php 
07/Apr/2019:16:39:10 +0000	86.8.251.215	/m.php 
07/Apr/2019:16:39:10 +0000	86.8.251.215	/a.php 
07/Apr/2019:16:39:10 +0000	86.8.251.215	/r.php 
07/Apr/2019:16:39:11 +0000	86.8.251.215	/4.php 
07/Apr/2019:16:39:11 +0000	86.8.251.215	/5.php 
07/Apr/2019:16:39:11 +0000	86.8.251.215	/304.php 
07/Apr/2019:16:39:11 +0000	86.8.251.215	/403.php 
07/Apr/2019:16:39:12 +0000	86.8.251.215	/404.php 
07/Apr/2019:16:39:12 +0000	86.8.251.215	/502.php 
07/Apr/2019:16:39:12 +0000	86.8.251.215	/5327.php 
07/Apr/2019:16:39:12 +0000	86.8.251.215	/552dHHHHHHHHFFFFF5.php.php 
07/Apr/2019:16:39:13 +0000	86.8.251.215	/7892.php 
07/Apr/2019:16:39:13 +0000	86.8.251.215	/admins.php 
07/Apr/2019:16:39:13 +0000	86.8.251.215	/ajax.php 
07/Apr/2019:16:39:13 +0000	86.8.251.215	/akismet.php 
07/Apr/2019:16:39:13 +0000	86.8.251.215	/anzost.php 
07/Apr/2019:16:39:13 +0000	86.8.251.215	/authorize.php 
07/Apr/2019:16:39:13 +0000	86.8.251.215	/b4ck.php 
07/Apr/2019:16:39:14 +0000	86.8.251.215	/backup.php 
07/Apr/2019:16:39:14 +0000	86.8.251.215	/Black.php 
07/Apr/2019:16:39:14 +0000	86.8.251.215	/c100.php 
07/Apr/2019:16:39:14 +0000	86.8.251.215	/cacheplugin.php 
07/Apr/2019:16:39:14 +0000	86.8.251.215	/cashe.php 
07/Apr/2019:16:39:15 +0000	86.8.251.215	/config.php 
07/Apr/2019:16:39:15 +0000	86.8.251.215	/configs.php 
07/Apr/2019:16:39:15 +0000	86.8.251.215	/conflg.php 
07/Apr/2019:16:39:15 +0000	86.8.251.215	/count.php 
07/Apr/2019:16:39:15 +0000	86.8.251.215	/cpanel.php 
07/Apr/2019:16:39:15 +0000	86.8.251.215	/cpn.php 
07/Apr/2019:16:39:16 +0000	86.8.251.215	/cp.php 
07/Apr/2019:16:39:16 +0000	86.8.251.215	/d00.php 
07/Apr/2019:16:39:16 +0000	86.8.251.215	/dam.php 
07/Apr/2019:16:39:16 +0000	86.8.251.215	/data.php 
07/Apr/2019:16:39:16 +0000	86.8.251.215	/dbase.php 
07/Apr/2019:16:39:17 +0000	86.8.251.215	/dirs.php 
07/Apr/2019:16:39:17 +0000	86.8.251.215	/d.php 
07/Apr/2019:16:39:17 +0000	86.8.251.215	/dz1.php 
07/Apr/2019:16:39:17 +0000	86.8.251.215	/dz.php 
07/Apr/2019:16:39:17 +0000	86.8.251.215	/footer.php 
07/Apr/2019:16:39:17 +0000	86.8.251.215	/functions.php 
07/Apr/2019:16:39:18 +0000	86.8.251.215	/gaza.php 
07/Apr/2019:16:39:18 +0000	86.8.251.215	/get.php 
07/Apr/2019:16:39:18 +0000	86.8.251.215	/green.php 
07/Apr/2019:16:39:18 +0000	86.8.251.215	/guarding.php 
07/Apr/2019:16:39:18 +0000	86.8.251.215	/header.php 
07/Apr/2019:16:39:18 +0000	86.8.251.215	/hmei7mailer.php 
07/Apr/2019:16:39:19 +0000	86.8.251.215	/homepage.php 
07/Apr/2019:16:39:19 +0000	86.8.251.215	/hung.php 
07/Apr/2019:16:39:19 +0000	86.8.251.215	/inbox.php 
07/Apr/2019:16:39:19 +0000	86.8.251.215	/inbx.php 
07/Apr/2019:16:39:19 +0000	86.8.251.215	/include.php 
07/Apr/2019:16:39:19 +0000	86.8.251.215	/ini.php 
07/Apr/2019:16:39:20 +0000	86.8.251.215	/interface.php 
07/Apr/2019:16:39:20 +0000	86.8.251.215	/int.php 
07/Apr/2019:16:39:20 +0000	86.8.251.215	/jb.php 
07/Apr/2019:16:39:20 +0000	86.8.251.215	/jo.php 
07/Apr/2019:16:39:20 +0000	86.8.251.215	/killer.php 
07/Apr/2019:16:39:20 +0000	86.8.251.215	/lang.php 
07/Apr/2019:16:39:21 +0000	86.8.251.215	/law.php 
07/Apr/2019:16:39:21 +0000	86.8.251.215	/libs.php 
07/Apr/2019:16:39:21 +0000	86.8.251.215	/log.php 
07/Apr/2019:16:39:21 +0000	86.8.251.215	/lol.php 
07/Apr/2019:16:39:21 +0000	86.8.251.215	/l.php 
07/Apr/2019:16:39:22 +0000	86.8.251.215	/madspot.php 
07/Apr/2019:16:39:22 +0000	86.8.251.215	/mailer.php 
07/Apr/2019:16:39:22 +0000	86.8.251.215	/mailerx.php 
07/Apr/2019:16:39:22 +0000	86.8.251.215	/mail.php 
07/Apr/2019:16:39:22 +0000	86.8.251.215	/mails.php 
07/Apr/2019:16:39:22 +0000	86.8.251.215	/maxo.php 
07/Apr/2019:16:39:22 +0000	86.8.251.215	/mlr2.php 
07/Apr/2019:16:39:23 +0000	86.8.251.215	/plugins.php 
07/Apr/2019:16:39:23 +0000	86.8.251.215	/post.php 
07/Apr/2019:16:39:23 +0000	86.8.251.215	/press.php 
07/Apr/2019:16:39:23 +0000	86.8.251.215	/priv8.php 
07/Apr/2019:16:39:23 +0000	86.8.251.215	/r00t.php 
07/Apr/2019:16:39:24 +0000	86.8.251.215	/red.php 
07/Apr/2019:16:39:24 +0000	86.8.251.215	/sa.php 
07/Apr/2019:16:39:24 +0000	86.8.251.215	/sent.php 
07/Apr/2019:16:39:24 +0000	86.8.251.215	/session.php 
07/Apr/2019:16:39:24 +0000	86.8.251.215	/Sh3ll.php 
07/Apr/2019:16:39:24 +0000	86.8.251.215	/sql.php 
07/Apr/2019:16:39:25 +0000	86.8.251.215	/stats.php 
07/Apr/2019:16:39:25 +0000	86.8.251.215	/symlink.php 
07/Apr/2019:16:39:25 +0000	86.8.251.215	/sYm.php 
07/Apr/2019:16:39:25 +0000	86.8.251.215	/sys_conf.php 
07/Apr/2019:16:39:25 +0000	86.8.251.215	/sysinfo.php 
07/Apr/2019:16:39:25 +0000	86.8.251.215	/syslib.php 
07/Apr/2019:16:39:25 +0000	86.8.251.215	/systemscash.php 
07/Apr/2019:16:39:26 +0000	86.8.251.215	/t00.php 
07/Apr/2019:16:39:26 +0000	86.8.251.215	/template.php 
07/Apr/2019:16:39:26 +0000	86.8.251.215	/themes.php 
07/Apr/2019:16:39:26 +0000	86.8.251.215	/title.php 
07/Apr/2019:16:39:26 +0000	86.8.251.215	/tmp-header.php 
07/Apr/2019:16:39:26 +0000	86.8.251.215	/tmp.php 
07/Apr/2019:16:39:27 +0000	86.8.251.215	/toibb.php 
07/Apr/2019:16:39:27 +0000	86.8.251.215	/u.php 
07/Apr/2019:16:39:27 +0000	86.8.251.215	/upload.php 
07/Apr/2019:16:39:27 +0000	86.8.251.215	/uploads.php 
07/Apr/2019:16:39:27 +0000	86.8.251.215	/up.php 
07/Apr/2019:16:39:27 +0000	86.8.251.215	/us2.php 
07/Apr/2019:16:39:28 +0000	86.8.251.215	/user.php 
07/Apr/2019:16:39:28 +0000	86.8.251.215	/users.php 
07/Apr/2019:16:39:28 +0000	86.8.251.215	/wp-confiq.php 
07/Apr/2019:16:39:28 +0000	86.8.251.215	/wp-conf.php 
07/Apr/2019:16:39:28 +0000	86.8.251.215	/wp-conn.php 
07/Apr/2019:16:39:28 +0000	86.8.251.215	/wp-jrvlgtp.php 
07/Apr/2019:16:39:29 +0000	86.8.251.215	/wp-lib.php 
07/Apr/2019:16:39:29 +0000	86.8.251.215	/wp-logins.php 
07/Apr/2019:16:39:29 +0000	86.8.251.215	/wpsen64.php 
07/Apr/2019:16:39:29 +0000	86.8.251.215	/wp-upload.php 
07/Apr/2019:16:39:29 +0000	86.8.251.215	/WSO.php 
07/Apr/2019:16:39:29 +0000	86.8.251.215	/xd.php 
07/Apr/2019:16:39:30 +0000	86.8.251.215	/x.php 
07/Apr/2019:16:39:30 +0000	86.8.251.215	/xysdosiu.php 
07/Apr/2019:16:39:30 +0000	86.8.251.215	/zbbss.php 
07/Apr/2019:16:39:30 +0000	86.8.251.215	/zreon.php 
07/Apr/2019:16:39:30 +0000	86.8.251.215	/sop.php 
07/Apr/2019:16:39:30 +0000	86.8.251.215	/x4d.php 
07/Apr/2019:16:39:31 +0000	86.8.251.215	/linux.php 
07/Apr/2019:16:39:31 +0000	86.8.251.215	/opio.php 
07/Apr/2019:16:39:31 +0000	86.8.251.215	/view.html.php 
07/Apr/2019:16:39:31 +0000	86.8.251.215	/si.php 
07/Apr/2019:16:39:31 +0000	86.8.251.215	/php_info.php 
07/Apr/2019:16:39:31 +0000	86.8.251.215	/htaccess.php 
07/Apr/2019:16:39:32 +0000	86.8.251.215	/0day.php 
07/Apr/2019:16:39:32 +0000	86.8.251.215	/10.php 
07/Apr/2019:16:39:32 +0000	86.8.251.215	/123.php 
07/Apr/2019:16:39:32 +0000	86.8.251.215	/12.php 
07/Apr/2019:16:39:32 +0000	86.8.251.215	/6.php 
07/Apr/2019:16:39:32 +0000	86.8.251.215	/7.php 
07/Apr/2019:16:39:33 +0000	86.8.251.215	/8.php 
07/Apr/2019:16:39:33 +0000	86.8.251.215	/9.php 
07/Apr/2019:16:39:33 +0000	86.8.251.215	/admin1 
07/Apr/2019:16:39:33 +0000	86.8.251.215	/admin2.asp 
07/Apr/2019:16:39:33 +0000	86.8.251.215	/admins 
07/Apr/2019:16:39:33 +0000	86.8.251.215	/anonghost.php 
07/Apr/2019:16:39:34 +0000	86.8.251.215	/anon.php 
07/Apr/2019:16:39:34 +0000	86.8.251.215	/asp.aspx 
07/Apr/2019:16:39:34 +0000	86.8.251.215	/awstats 
07/Apr/2019:16:39:34 +0000	86.8.251.215	/b374.php 
07/Apr/2019:16:39:34 +0000	86.8.251.215	/back.sql 
07/Apr/2019:16:39:34 +0000	86.8.251.215	/backup.sql 
07/Apr/2019:16:39:35 +0000	86.8.251.215	/bluff.php 
07/Apr/2019:16:39:35 +0000	86.8.251.215	/b.php 
07/Apr/2019:16:39:35 +0000	86.8.251.215	/buck.sql 
07/Apr/2019:16:39:35 +0000	86.8.251.215	/cgi.pl 
07/Apr/2019:16:39:35 +0000	86.8.251.215	/configuration.php 
07/Apr/2019:16:39:35 +0000	86.8.251.215	/cpanel 
07/Apr/2019:16:39:36 +0000	86.8.251.215	/Cpanel.php 
07/Apr/2019:16:39:36 +0000	86.8.251.215	/c.php 
07/Apr/2019:16:39:36 +0000	86.8.251.215	/e.php 
07/Apr/2019:16:39:36 +0000	86.8.251.215	/error 
07/Apr/2019:16:39:36 +0000	86.8.251.215	/error_log 
07/Apr/2019:16:39:36 +0000	86.8.251.215	/f.php 
07/Apr/2019:16:39:37 +0000	86.8.251.215	/ftp.txt 
07/Apr/2019:16:39:37 +0000	86.8.251.215	/fuck.php 
07/Apr/2019:16:39:37 +0000	86.8.251.215	/hacked.php 
07/Apr/2019:16:39:37 +0000	86.8.251.215	/hacker.php 
07/Apr/2019:16:39:37 +0000	86.8.251.215	/hello.php 
07/Apr/2019:16:39:37 +0000	86.8.251.215	/hi.php 
07/Apr/2019:16:39:38 +0000	86.8.251.215	/home 
07/Apr/2019:16:39:38 +0000	86.8.251.215	/home.rar 
07/Apr/2019:16:39:38 +0000	86.8.251.215	/home.tar 
07/Apr/2019:16:39:38 +0000	86.8.251.215	/home.tar.gz 
07/Apr/2019:16:39:38 +0000	86.8.251.215	/home.zip 
07/Apr/2019:16:39:38 +0000	86.8.251.215	/h.php 
07/Apr/2019:16:39:39 +0000	86.8.251.215	/includes.php 
07/Apr/2019:16:39:39 +0000	86.8.251.215	/index.php 
07/Apr/2019:16:39:39 +0000	86.8.251.215	/info.php 
07/Apr/2019:16:39:39 +0000	86.8.251.215	/i.php 
07/Apr/2019:16:39:39 +0000	86.8.251.215	/j.php 
07/Apr/2019:16:39:39 +0000	86.8.251.215	/k2ll33d.php 
07/Apr/2019:16:39:40 +0000	86.8.251.215	/k2ll.php 
07/Apr/2019:16:39:40 +0000	86.8.251.215	/love.php 
07/Apr/2019:16:39:40 +0000	86.8.251.215	/ls.php 
07/Apr/2019:16:39:40 +0000	86.8.251.215	/n.php 
07/Apr/2019:16:39:40 +0000	86.8.251.215	/o.php 
07/Apr/2019:16:39:40 +0000	86.8.251.215	/p.php 
07/Apr/2019:16:39:40 +0000	86.8.251.215	/q.php 
07/Apr/2019:16:39:41 +0000	86.8.251.215	/r00t-s3c.php 
07/Apr/2019:16:39:41 +0000	86.8.251.215	/r0ot.php 
07/Apr/2019:16:39:41 +0000	86.8.251.215	/rhuk_milkyway 
07/Apr/2019:16:39:41 +0000	86.8.251.215	/sado.php 
07/Apr/2019:16:39:41 +0000	86.8.251.215	/sea.php 
07/Apr/2019:16:39:41 +0000	86.8.251.215	/Server 
07/Apr/2019:16:39:42 +0000	86.8.251.215	/sitemap-core.php 
07/Apr/2019:16:39:42 +0000	86.8.251.215	/sniper.php 
07/Apr/2019:16:39:42 +0000	86.8.251.215	/sos.php 
07/Apr/2019:16:39:42 +0000	86.8.251.215	/s.php 
07/Apr/2019:16:39:42 +0000	86.8.251.215	/spy.aspx 
07/Apr/2019:16:39:42 +0000	86.8.251.215	/sql-new.php 
07/Apr/2019:16:39:43 +0000	86.8.251.215	/ssl.php 
07/Apr/2019:16:39:43 +0000	86.8.251.215	/Sym.php 
07/Apr/2019:16:39:43 +0000	86.8.251.215	/sysadmins 
07/Apr/2019:16:39:43 +0000	86.8.251.215	/term.php 
07/Apr/2019:16:39:43 +0000	86.8.251.215	/test.txt 
07/Apr/2019:16:39:43 +0000	86.8.251.215	/t.php 
07/Apr/2019:16:39:44 +0000	86.8.251.215	/up 
07/Apr/2019:16:39:44 +0000	86.8.251.215	/upload 
07/Apr/2019:16:39:44 +0000	86.8.251.215	/useradmin 
07/Apr/2019:16:39:44 +0000	86.8.251.215	/v.php 
07/Apr/2019:16:39:44 +0000	86.8.251.215	/webadmin.html 
07/Apr/2019:16:39:44 +0000	86.8.251.215	/web.php 
07/Apr/2019:16:39:45 +0000	86.8.251.215	/widget.php 
07/Apr/2019:16:39:45 +0000	86.8.251.215	/wp.zip 
07/Apr/2019:16:39:45 +0000	86.8.251.215	/X.php 
07/Apr/2019:16:39:45 +0000	86.8.251.215	/y.php 
07/Apr/2019:16:39:45 +0000	86.8.251.215	/z.php 
07/Apr/2019:16:39:45 +0000	86.8.251.215	/leafmailer.php 
07/Apr/2019:16:39:46 +0000	86.8.251.215	/afav.php 
07/Apr/2019:16:39:46 +0000	86.8.251.215	/wp-settings.php 
07/Apr/2019:16:39:46 +0000	86.8.251.215	/index11.php 
07/Apr/2019:16:39:46 +0000	86.8.251.215	/aa.php 
07/Apr/2019:16:39:46 +0000	86.8.251.215	/unzip.php 
07/Apr/2019:16:39:46 +0000	86.8.251.215	/db.php 
07/Apr/2019:16:39:47 +0000	86.8.251.215	/13.php 
07/Apr/2019:16:39:47 +0000	86.8.251.215	/wp-info.php 
07/Apr/2019:16:39:47 +0000	86.8.251.215	/black.prot.php 
07/Apr/2019:16:39:47 +0000	86.8.251.215	/325.php 
07/Apr/2019:16:39:47 +0000	86.8.251.215	/xupe.php 
07/Apr/2019:16:39:47 +0000	86.8.251.215	/leaf.php 
07/Apr/2019:16:39:48 +0000	86.8.251.215	/c1.php 
07/Apr/2019:16:39:48 +0000	86.8.251.215	/test.php 
07/Apr/2019:16:39:48 +0000	86.8.251.215	/wp-mail.php 
07/Apr/2019:16:39:48 +0000	86.8.251.215	/xmlrpc.php 
07/Apr/2019:16:39:48 +0000	86.8.251.215	/wp-signup.php 
07/Apr/2019:16:39:48 +0000	86.8.251.215	/wp-config.php 
07/Apr/2019:16:39:49 +0000	86.8.251.215	/wp-trackback.php 
07/Apr/2019:16:39:49 +0000	86.8.251.215	/wp-login.php 
07/Apr/2019:16:39:49 +0000	86.8.251.215	/wp-load.php 
07/Apr/2019:16:39:49 +0000	86.8.251.215	/wp-blog-header.php 
07/Apr/2019:16:39:49 +0000	86.8.251.215	/wp-links-opml.php 
07/Apr/2019:16:39:49 +0000	86.8.251.215	/wp-activate.php 
07/Apr/2019:16:39:50 +0000	86.8.251.215	/wp-cron.php 
07/Apr/2019:16:39:50 +0000	86.8.251.215	/Unzipi.php 
07/Apr/2019:16:39:50 +0000	86.8.251.215	/wp-comments-post.php 
07/Apr/2019:16:39:50 +0000	86.8.251.215	/readme.html 
07/Apr/2019:16:39:50 +0000	86.8.251.215	/wp-config-sample.php 
07/Apr/2019:16:39:50 +0000	165.227.163.166	/IRS/ 
07/Apr/2019:16:39:50 +0000	46.101.94.163	/IRS/ 
07/Apr/2019:16:39:51 +0000	86.8.251.215	/file.php 
07/Apr/2019:16:39:51 +0000	159.203.0.156	/IRS/ 
07/Apr/2019:16:39:51 +0000	79.73.65.138	/IRS/ 
07/Apr/2019:16:39:51 +0000	188.166.63.71	/IRS/ 
07/Apr/2019:16:39:51 +0000	86.8.251.215	/css.php 
07/Apr/2019:16:39:51 +0000	86.8.251.215	/defult.php 
07/Apr/2019:16:39:51 +0000	86.8.251.215	/error.php 
07/Apr/2019:16:39:51 +0000	86.8.251.215	/v3.php 
07/Apr/2019:16:39:51 +0000	86.8.251.215	/phpmailer.php 
07/Apr/2019:16:39:52 +0000	86.8.251.215	/unzipper.php 
07/Apr/2019:16:39:52 +0000	86.8.251.215	/sdb.php 
07/Apr/2019:16:39:52 +0000	86.8.251.215	/whois.php 
07/Apr/2019:16:39:52 +0000	86.8.251.215	/wp-asyncio.php 
07/Apr/2019:16:39:52 +0000	86.8.251.215	/wp-assign.php 
07/Apr/2019:16:39:52 +0000	86.8.251.215	/guest.php 
07/Apr/2019:16:39:53 +0000	86.8.251.215	/wp-pages.php 
07/Apr/2019:16:39:53 +0000	86.8.251.215	/wp-count.php 
07/Apr/2019:16:39:53 +0000	86.8.251.215	/wp-counter.php 
07/Apr/2019:16:39:53 +0000	86.8.251.215	/wp-connect.php 
07/Apr/2019:16:39:53 +0000	86.8.251.215	/wp_count.php 
07/Apr/2019:16:39:53 +0000	86.8.251.215	/zoplo.php 
07/Apr/2019:16:39:54 +0000	86.8.251.215	/woplo.php 
07/Apr/2019:16:39:54 +0000	86.8.251.215	/getid3s.php 
07/Apr/2019:16:39:54 +0000	86.8.251.215	/page.php 
07/Apr/2019:16:39:54 +0000	86.8.251.215	/article.php 
07/Apr/2019:16:39:54 +0000	86.8.251.215	/login.php 
07/Apr/2019:16:39:54 +0000	86.8.251.215	/search.php 
07/Apr/2019:16:40:20 +0000	196.52.84.58	/ 
07/Apr/2019:16:40:20 +0000	84.93.108.37	/ 
07/Apr/2019:16:40:21 +0000	82.102.21.217	/ 
07/Apr/2019:16:40:21 +0000	142.93.74.68	/ 
07/Apr/2019:16:40:32 +0000	185.229.190.138	/ 
07/Apr/2019:16:41:11 +0000	142.93.74.68	/ 
07/Apr/2019:16:41:35 +0000	142.93.74.68	/ 
07/Apr/2019:16:45:31 +0000	40.91.75.15	/IRS/ 
07/Apr/2019:16:45:31 +0000	40.91.75.15	/IRS/style/css/styles-nonie-1022.css 
07/Apr/2019:16:45:32 +0000	40.91.75.15	/IRS/style/css/table.css 
07/Apr/2019:16:45:32 +0000	40.91.75.15	/IRS/style/css/password-feedback-styles-nonie-1024.css 
07/Apr/2019:16:45:32 +0000	40.91.75.15	/IRS/style/css/button_create_account.jpg 
07/Apr/2019:16:45:32 +0000	40.91.75.15	/IRS/style/css/button_login.jpg 
07/Apr/2019:16:45:32 +0000	40.91.75.15	/IRS/style/css/logo.png 
07/Apr/2019:16:45:35 +0000	40.91.75.15	/IRS/style/css/2018-09-13_122514.png 
07/Apr/2019:16:45:45 +0000	69.164.111.198	/ 
07/Apr/2019:16:45:45 +0000	69.164.111.198	/ 
07/Apr/2019:16:45:59 +0000	69.164.111.198	/ 
07/Apr/2019:16:46:00 +0000	69.164.111.198	/ 
07/Apr/2019:16:46:30 +0000	69.164.145.168	/IRS/ 
07/Apr/2019:16:46:30 +0000	69.164.145.168	/IRS/ 
07/Apr/2019:16:46:30 +0000	69.164.145.168	/IRS/style/css/table.css 
07/Apr/2019:16:46:30 +0000	69.164.145.168	/IRS/style/css/styles-nonie-1022.css 
07/Apr/2019:16:46:31 +0000	69.164.145.168	/IRS/style/css/password-feedback-styles-nonie-1024.css 
07/Apr/2019:16:46:31 +0000	69.164.145.168	/IRS/style/css/logo.png 
07/Apr/2019:16:46:31 +0000	69.164.145.168	/IRS/style/css/button_login.jpg 
07/Apr/2019:16:46:31 +0000	69.164.145.168	/IRS/style/css/button_create_account.jpg 
07/Apr/2019:16:46:31 +0000	69.164.145.168	/IRS/style/css/2018-09-13_122514.png 
07/Apr/2019:16:46:31 +0000	69.164.145.168	/IRS/ 
07/Apr/2019:16:47:27 +0000	69.164.111.198	/ 
07/Apr/2019:16:47:27 +0000	69.164.111.198	/ 
07/Apr/2019:16:50:03 +0000	69.164.111.198	/ 
07/Apr/2019:16:50:04 +0000	69.164.111.198	/ 
07/Apr/2019:16:50:40 +0000	69.164.111.198	/ 
07/Apr/2019:16:51:17 +0000	69.164.111.198	/ 
07/Apr/2019:16:52:41 +0000	69.164.111.198	/ 
07/Apr/2019:16:53:47 +0000	46.101.94.163	/IRS/ 
07/Apr/2019:16:53:47 +0000	165.227.163.166	/IRS/ 
07/Apr/2019:16:53:48 +0000	159.203.0.156	/IRS/ 
07/Apr/2019:16:53:48 +0000	188.166.63.71	/IRS/ 
07/Apr/2019:16:53:48 +0000	79.73.65.138	/IRS/ 
07/Apr/2019:16:56:29 +0000	69.164.111.198	/ 
07/Apr/2019:16:58:02 +0000	69.164.111.198	/ 
07/Apr/2019:17:00:43 +0000	69.164.111.198	/ 
07/Apr/2019:17:01:18 +0000	69.164.111.198	/ 
07/Apr/2019:17:02:18 +0000	69.164.111.198	/ 
07/Apr/2019:17:05:22 +0000	204.101.161.159	/ 
07/Apr/2019:17:05:22 +0000	204.101.161.159	/ 
07/Apr/2019:17:05:42 +0000	69.164.111.198	/ 
07/Apr/2019:17:06:54 +0000	69.164.111.198	/ 
07/Apr/2019:17:07:17 +0000	69.164.111.198	/ 
07/Apr/2019:17:07:35 +0000	69.164.111.198	/ 
07/Apr/2019:17:07:54 +0000	69.164.111.198	/ 
07/Apr/2019:17:08:10 +0000	69.164.111.198	/ 
07/Apr/2019:17:08:25 +0000	69.164.111.198	/ 
07/Apr/2019:17:08:42 +0000	69.164.111.198	/ 
07/Apr/2019:17:08:58 +0000	165.227.163.166	/IRS/ 
07/Apr/2019:17:08:58 +0000	46.101.94.163	/IRS/ 
07/Apr/2019:17:08:58 +0000	188.166.63.71	/IRS/ 
07/Apr/2019:17:08:58 +0000	159.203.0.156	/IRS/ 
07/Apr/2019:17:08:58 +0000	79.73.68.42	/IRS/ 
07/Apr/2019:17:08:59 +0000	69.164.111.198	/ 
07/Apr/2019:17:09:25 +0000	69.164.111.198	/ 
07/Apr/2019:17:10:02 +0000	69.164.111.198	/ 
07/Apr/2019:17:10:26 +0000	69.164.111.198	/ 
07/Apr/2019:17:10:42 +0000	69.164.111.198	/ 
07/Apr/2019:17:11:05 +0000	69.164.111.198	/ 
07/Apr/2019:17:11:37 +0000	69.164.111.198	/ 
07/Apr/2019:17:15:40 +0000	34.219.177.6	/IRS 
07/Apr/2019:17:15:40 +0000	34.219.177.6	/IRS/ 
07/Apr/2019:17:16:21 +0000	69.164.111.198	/ 
07/Apr/2019:17:16:53 +0000	69.164.111.198	/ 
07/Apr/2019:17:17:03 +0000	52.41.100.69	/IRS 
07/Apr/2019:17:17:03 +0000	52.41.100.69	/IRS/ 
07/Apr/2019:17:17:03 +0000	52.41.100.69	/IRS/style/css/styles-nonie-1022.css 
07/Apr/2019:17:17:03 +0000	52.41.100.69	/IRS/style/css/password-feedback-styles-nonie-1024.css 
07/Apr/2019:17:17:03 +0000	52.41.100.69	/IRS/style/css/table.css 
07/Apr/2019:17:17:03 +0000	52.41.100.69	/IRS/style/css/logo.png 
07/Apr/2019:17:17:03 +0000	52.41.100.69	/IRS/style/css/button_create_account.jpg 
07/Apr/2019:17:17:04 +0000	52.41.100.69	/IRS/style/css/button_login.jpg 
07/Apr/2019:17:17:17 +0000	69.164.111.198	/ 
07/Apr/2019:17:17:41 +0000	69.164.111.198	/ 
07/Apr/2019:17:18:06 +0000	69.164.111.198	/ 
07/Apr/2019:17:18:40 +0000	69.164.111.198	/ 
07/Apr/2019:17:19:18 +0000	69.164.111.198	/ 
07/Apr/2019:17:20:05 +0000	69.164.111.198	/ 
07/Apr/2019:17:21:03 +0000	212.62.211.191	/IRS 
07/Apr/2019:17:21:03 +0000	212.62.211.191	/IRS/ 
07/Apr/2019:17:21:15 +0000	212.62.211.191	/IRS/ 
07/Apr/2019:17:22:05 +0000	212.62.211.191	/IRS 
07/Apr/2019:17:22:05 +0000	212.62.211.191	/IRS/ 
07/Apr/2019:17:22:39 +0000	69.164.111.198	/ 
07/Apr/2019:17:23:00 +0000	69.164.111.198	/ 
07/Apr/2019:17:23:26 +0000	69.164.111.198	/ 
07/Apr/2019:17:23:38 +0000	161.69.31.20	/ 
07/Apr/2019:17:24:08 +0000	46.101.94.163	/IRS/ 
07/Apr/2019:17:24:08 +0000	79.73.68.82	/IRS/ 
07/Apr/2019:17:24:08 +0000	159.203.0.156	/IRS/ 
07/Apr/2019:17:24:08 +0000	188.166.63.71	/IRS/ 
07/Apr/2019:17:24:08 +0000	165.227.163.166	/IRS/ 
07/Apr/2019:17:32:52 +0000	69.164.111.198	/ 
07/Apr/2019:17:33:19 +0000	207.102.138.158	/IRS 
07/Apr/2019:17:33:19 +0000	207.102.138.158	/IRS/ 
07/Apr/2019:17:33:19 +0000	207.102.138.158	/IRS/style/css/styles-nonie-1022.css 
07/Apr/2019:17:33:19 +0000	207.102.138.158	/IRS/style/css/password-feedback-styles-nonie-1024.css 
07/Apr/2019:17:33:19 +0000	207.102.138.158	/IRS/style/css/table.css 
07/Apr/2019:17:33:19 +0000	207.102.138.158	/IRS/style/css/logo.png 
07/Apr/2019:17:33:19 +0000	207.102.138.158	/IRS/style/css/button_create_account.jpg 
07/Apr/2019:17:33:19 +0000	207.102.138.158	/IRS/style/css/button_login.jpg 
07/Apr/2019:17:33:31 +0000	69.164.111.198	/ 
07/Apr/2019:17:33:49 +0000	69.164.111.198	/ 
07/Apr/2019:17:34:06 +0000	34.220.40.173	/blog/ 
07/Apr/2019:17:34:08 +0000	34.220.40.173	/IRS/ 
07/Apr/2019:17:36:04 +0000	188.166.98.249	/IRS/ 
07/Apr/2019:17:36:05 +0000	188.166.98.249	/IRS/ 
07/Apr/2019:17:36:05 +0000	188.166.98.249	/blog/ 
07/Apr/2019:17:36:05 +0000	188.166.98.249	/blog/ 
07/Apr/2019:17:36:05 +0000	188.166.98.249	/IRS/ 
07/Apr/2019:17:36:05 +0000	188.166.98.249	/blog/ 
07/Apr/2019:17:36:06 +0000	188.166.98.249	/IRS/system/send_login.php 
07/Apr/2019:17:36:06 +0000	188.166.98.249	/IRS/system/send_login.php 
07/Apr/2019:17:36:06 +0000	188.166.98.249	/IRS/system/send_login.php 
07/Apr/2019:17:39:08 +0000	46.101.94.163	/IRS/ 
07/Apr/2019:17:39:08 +0000	165.227.163.166	/IRS/ 
07/Apr/2019:17:39:08 +0000	159.203.0.156	/IRS/ 
07/Apr/2019:17:39:08 +0000	188.166.63.71	/IRS/ 
07/Apr/2019:17:39:08 +0000	79.73.68.82	/IRS/ 
07/Apr/2019:17:40:23 +0000	52.28.3.120	/ 
07/Apr/2019:17:40:30 +0000	52.59.102.42	/ 
07/Apr/2019:17:54:30 +0000	165.227.163.166	/IRS/ 
07/Apr/2019:17:54:30 +0000	46.101.94.163	/IRS/ 
07/Apr/2019:17:54:30 +0000	188.166.63.71	/IRS/ 
07/Apr/2019:17:54:30 +0000	159.203.0.156	/IRS/ 
07/Apr/2019:17:54:30 +0000	79.73.68.82	/IRS/ 
07/Apr/2019:18:09:35 +0000	165.227.163.166	/IRS/ 
07/Apr/2019:18:09:35 +0000	159.203.0.156	/IRS/ 
07/Apr/2019:18:09:35 +0000	188.166.63.71	/IRS/ 
07/Apr/2019:18:09:35 +0000	46.101.94.163	/IRS/ 
07/Apr/2019:18:09:37 +0000	79.73.68.82	/IRS/ 
07/Apr/2019:18:12:02 +0000	207.102.138.158	/IRS 
07/Apr/2019:18:12:03 +0000	207.102.138.158	/IRS/ 
07/Apr/2019:18:12:03 +0000	207.102.138.158	/IRS/style/css/styles-nonie-1022.css 
07/Apr/2019:18:12:03 +0000	207.102.138.158	/IRS/style/css/password-feedback-styles-nonie-1024.css 
07/Apr/2019:18:12:03 +0000	207.102.138.158	/IRS/style/css/table.css 
07/Apr/2019:18:12:03 +0000	207.102.138.158	/IRS/style/css/button_create_account.jpg 
07/Apr/2019:18:12:03 +0000	207.102.138.158	/IRS/style/css/button_login.jpg 
07/Apr/2019:18:12:03 +0000	207.102.138.158	/IRS/style/css/logo.png 
07/Apr/2019:18:17:59 +0000	209.121.78.80	/IRS/ 
07/Apr/2019:18:18:00 +0000	209.121.78.80	/IRS/style/css/password-feedback-styles-nonie-1024.css 
07/Apr/2019:18:18:03 +0000	209.121.78.80	/IRS/style/css/styles-nonie-1022.css 
07/Apr/2019:18:18:03 +0000	209.121.78.80	/IRS/style/css/button_create_account.jpg 
07/Apr/2019:18:18:03 +0000	209.121.78.80	/IRS/style/css/button_login.jpg 
07/Apr/2019:18:18:04 +0000	209.121.78.80	/IRS/style/css/table.css 
07/Apr/2019:18:18:04 +0000	209.121.78.80	/IRS/style/css/logo.png 
07/Apr/2019:18:18:07 +0000	209.121.78.80	/IRS/style/css/2018-09-13_122514.png 
07/Apr/2019:18:24:42 +0000	165.227.163.166	/IRS/ 
07/Apr/2019:18:24:42 +0000	79.73.69.33	/IRS/ 
07/Apr/2019:18:24:43 +0000	46.101.94.163	/IRS/ 
07/Apr/2019:18:24:43 +0000	188.166.63.71	/IRS/ 
07/Apr/2019:18:24:43 +0000	159.203.0.156	/IRS/ 
07/Apr/2019:18:26:27 +0000	204.101.161.159	/IRS/ 
07/Apr/2019:18:26:27 +0000	204.101.161.159	/IRS/style/css/styles-nonie-1022.css 
07/Apr/2019:18:26:27 +0000	204.101.161.159	/IRS/style/css/password-feedback-styles-nonie-1024.css 
07/Apr/2019:18:26:27 +0000	204.101.161.159	/IRS/style/css/table.css 
07/Apr/2019:18:26:27 +0000	204.101.161.159	/IRS/style/css/logo.png 
07/Apr/2019:18:26:27 +0000	204.101.161.159	/IRS/style/css/button_create_account.jpg 
07/Apr/2019:18:26:27 +0000	204.101.161.159	/IRS/style/css/button_login.jpg 
07/Apr/2019:18:26:45 +0000	204.101.161.159	/ 
07/Apr/2019:18:39:41 +0000	46.101.94.163	/IRS/ 
07/Apr/2019:18:39:41 +0000	165.227.163.166	/IRS/ 
07/Apr/2019:18:39:41 +0000	188.166.63.71	/IRS/ 
07/Apr/2019:18:39:41 +0000	159.203.0.156	/IRS/ 
07/Apr/2019:18:39:43 +0000	79.73.69.33	/IRS/ 
07/Apr/2019:18:54:50 +0000	46.101.94.163	/IRS/ 
07/Apr/2019:18:54:51 +0000	79.73.69.33	/IRS/ 
07/Apr/2019:18:54:51 +0000	165.227.163.166	/IRS/ 
07/Apr/2019:18:54:51 +0000	188.166.63.71	/IRS/ 
07/Apr/2019:18:54:51 +0000	159.203.0.156	/IRS/ 
07/Apr/2019:19:09:59 +0000	46.101.94.163	/IRS/ 
07/Apr/2019:19:09:59 +0000	79.73.69.224	/IRS/ 
07/Apr/2019:19:09:59 +0000	188.166.63.71	/IRS/ 
07/Apr/2019:19:09:59 +0000	165.227.163.166	/IRS/ 
07/Apr/2019:19:09:59 +0000	159.203.0.156	/IRS/ 
07/Apr/2019:19:25:02 +0000	46.101.94.163	/IRS/ 
07/Apr/2019:19:25:02 +0000	165.227.163.166	/IRS/ 
07/Apr/2019:19:25:03 +0000	79.73.70.119	/IRS/ 
07/Apr/2019:19:25:03 +0000	159.203.0.156	/IRS/ 
07/Apr/2019:19:25:03 +0000	188.166.63.71	/IRS/ 
07/Apr/2019:19:40:09 +0000	165.227.163.166	/IRS/ 
07/Apr/2019:19:40:09 +0000	46.101.94.163	/IRS/ 
07/Apr/2019:19:40:09 +0000	79.73.70.119	/IRS/ 
07/Apr/2019:19:40:09 +0000	159.203.0.156	/IRS/ 
07/Apr/2019:19:40:09 +0000	188.166.63.71	/IRS/ 
07/Apr/2019:19:55:13 +0000	165.227.163.166	/IRS/ 
07/Apr/2019:19:55:13 +0000	79.73.70.119	/IRS/ 
07/Apr/2019:19:55:13 +0000	188.166.63.71	/IRS/ 
07/Apr/2019:19:55:13 +0000	159.203.0.156	/IRS/ 
07/Apr/2019:19:55:13 +0000	46.101.94.163	/IRS/ 
07/Apr/2019:20:10:21 +0000	79.73.70.119	/IRS/ 
07/Apr/2019:20:10:21 +0000	46.101.94.163	/IRS/ 
07/Apr/2019:20:10:21 +0000	165.227.163.166	/IRS/ 
07/Apr/2019:20:10:21 +0000	188.166.63.71	/IRS/ 
07/Apr/2019:20:10:21 +0000	159.203.0.156	/IRS/ 
07/Apr/2019:20:25:31 +0000	46.101.94.163	/IRS/ 
07/Apr/2019:20:25:31 +0000	165.227.163.166	/IRS/ 
07/Apr/2019:20:25:32 +0000	79.73.71.220	/IRS/ 
07/Apr/2019:20:25:32 +0000	188.166.63.71	/IRS/ 
07/Apr/2019:20:25:32 +0000	159.203.0.156	/IRS/ 
07/Apr/2019:20:40:38 +0000	46.101.94.163	/IRS/ 
07/Apr/2019:20:40:38 +0000	165.227.163.166	/IRS/ 
07/Apr/2019:20:40:38 +0000	79.73.71.220	/IRS/ 
07/Apr/2019:20:40:38 +0000	159.203.0.156	/IRS/ 
07/Apr/2019:20:40:38 +0000	188.166.63.71	/IRS/ 
07/Apr/2019:20:55:40 +0000	79.73.71.220	/IRS/ 
07/Apr/2019:20:55:40 +0000	165.227.163.166	/IRS/ 
07/Apr/2019:20:55:40 +0000	188.166.63.71	/IRS/ 
07/Apr/2019:20:55:40 +0000	46.101.94.163	/IRS/ 
07/Apr/2019:20:55:40 +0000	159.203.0.156	/IRS/ 
07/Apr/2019:21:10:42 +0000	79.73.71.220	/IRS/ 
07/Apr/2019:21:10:42 +0000	46.101.94.163	/IRS/ 
07/Apr/2019:21:10:42 +0000	165.227.163.166	/IRS/ 
07/Apr/2019:21:10:43 +0000	159.203.0.156	/IRS/ 
07/Apr/2019:21:10:43 +0000	188.166.63.71	/IRS/ 
07/Apr/2019:21:25:49 +0000	165.227.163.166	/IRS/ 
07/Apr/2019:21:25:49 +0000	159.203.0.156	/IRS/ 
07/Apr/2019:21:25:49 +0000	46.101.94.163	/IRS/ 
07/Apr/2019:21:25:49 +0000	188.166.63.71	/IRS/ 
07/Apr/2019:21:25:49 +0000	79.73.71.220	/IRS/ 
07/Apr/2019:21:41:01 +0000	46.101.94.163	/IRS/ 
07/Apr/2019:21:41:01 +0000	165.227.163.166	/IRS/ 
07/Apr/2019:21:41:01 +0000	79.73.71.220	/IRS/ 
07/Apr/2019:21:41:01 +0000	159.203.0.156	/IRS/ 
07/Apr/2019:21:41:01 +0000	188.166.63.71	/IRS/ 
07/Apr/2019:21:56:04 +0000	165.227.163.166	/IRS/ 
07/Apr/2019:21:56:04 +0000	92.23.58.255	/IRS/ 
07/Apr/2019:21:56:04 +0000	46.101.94.163	/IRS/ 
07/Apr/2019:21:56:04 +0000	159.203.0.156	/IRS/ 
07/Apr/2019:21:56:04 +0000	188.166.63.71	/IRS/ 
07/Apr/2019:22:11:11 +0000	165.227.163.166	/IRS/ 
07/Apr/2019:22:11:11 +0000	92.23.62.254	/IRS/ 
07/Apr/2019:22:11:11 +0000	46.101.94.163	/IRS/ 
07/Apr/2019:22:11:11 +0000	159.203.0.156	/IRS/ 
07/Apr/2019:22:11:11 +0000	188.166.63.71	/IRS/ 
07/Apr/2019:22:26:13 +0000	165.227.163.166	/IRS/ 
07/Apr/2019:22:26:13 +0000	92.23.62.254	/IRS/ 
07/Apr/2019:22:26:13 +0000	46.101.94.163	/IRS/ 
07/Apr/2019:22:26:13 +0000	188.166.63.71	/IRS/ 
07/Apr/2019:22:26:13 +0000	159.203.0.156	/IRS/ 
07/Apr/2019:22:41:21 +0000	92.23.62.254	/IRS/ 
07/Apr/2019:22:41:21 +0000	46.101.94.163	/IRS/ 
07/Apr/2019:22:41:21 +0000	165.227.163.166	/IRS/ 
07/Apr/2019:22:41:22 +0000	159.203.0.156	/IRS/ 
07/Apr/2019:22:41:22 +0000	188.166.63.71	/IRS/ 
07/Apr/2019:22:56:30 +0000	46.101.94.163	/IRS/ 
07/Apr/2019:22:56:30 +0000	92.23.62.254	/IRS/ 
07/Apr/2019:22:56:30 +0000	188.166.63.71	/IRS/ 
07/Apr/2019:22:56:30 +0000	159.203.0.156	/IRS/ 
07/Apr/2019:22:56:30 +0000	165.227.163.166	/IRS/ 
07/Apr/2019:23:11:35 +0000	46.101.94.163	/IRS/ 
07/Apr/2019:23:11:35 +0000	165.227.163.166	/IRS/ 
07/Apr/2019:23:11:35 +0000	188.166.63.71	/IRS/ 
07/Apr/2019:23:11:35 +0000	159.203.0.156	/IRS/ 
07/Apr/2019:23:11:35 +0000	92.23.56.68	/IRS/ 
07/Apr/2019:23:26:40 +0000	165.227.163.166	/IRS/ 
07/Apr/2019:23:26:40 +0000	92.23.56.68	/IRS/ 
07/Apr/2019:23:26:40 +0000	46.101.94.163	/IRS/ 
07/Apr/2019:23:26:40 +0000	159.203.0.156	/IRS/ 
07/Apr/2019:23:26:40 +0000	188.166.63.71	/IRS/ 
07/Apr/2019:23:41:50 +0000	188.166.63.71	/IRS/ 
07/Apr/2019:23:41:50 +0000	46.101.94.163	/IRS/ 
07/Apr/2019:23:41:50 +0000	165.227.163.166	/IRS/ 
07/Apr/2019:23:41:50 +0000	159.203.0.156	/IRS/ 
07/Apr/2019:23:44:10 +0000	92.23.63.59	/IRS/ 
07/Apr/2019:23:46:15 +0000	104.42.198.99	/IRS/ 
07/Apr/2019:23:57:06 +0000	46.101.94.163	/IRS/ 
07/Apr/2019:23:57:06 +0000	188.166.63.71	/IRS/ 
07/Apr/2019:23:57:06 +0000	165.227.163.166	/IRS/ 
07/Apr/2019:23:57:06 +0000	159.203.0.156	/IRS/ 
07/Apr/2019:23:57:10 +0000	92.23.58.73	/IRS/ 
08/Apr/2019:00:12:06 +0000	46.101.94.163	/IRS/ 
08/Apr/2019:00:12:06 +0000	165.227.163.166	/IRS/ 
08/Apr/2019:00:12:06 +0000	188.166.63.71	/IRS/ 
08/Apr/2019:00:12:06 +0000	159.203.0.156	/IRS/ 
08/Apr/2019:00:12:06 +0000	92.23.61.223	/IRS/ 
08/Apr/2019:00:27:12 +0000	46.101.94.163	/IRS/ 
08/Apr/2019:00:27:12 +0000	165.227.163.166	/IRS/ 
08/Apr/2019:00:27:12 +0000	188.166.63.71	/IRS/ 
08/Apr/2019:00:27:12 +0000	159.203.0.156	/IRS/ 
08/Apr/2019:00:27:12 +0000	92.23.63.161	/IRS/ 
08/Apr/2019:00:42:28 +0000	46.101.94.163	/IRS/ 
08/Apr/2019:00:42:28 +0000	165.227.163.166	/IRS/ 
08/Apr/2019:00:42:28 +0000	159.203.0.156	/IRS/ 
08/Apr/2019:00:42:28 +0000	188.166.63.71	/IRS/ 
08/Apr/2019:00:42:28 +0000	92.23.62.106	/IRS/ 
08/Apr/2019:00:57:32 +0000	46.101.94.163	/IRS/ 
08/Apr/2019:00:57:32 +0000	165.227.163.166	/IRS/ 
08/Apr/2019:00:57:33 +0000	188.166.63.71	/IRS/ 
08/Apr/2019:00:57:33 +0000	159.203.0.156	/IRS/ 
08/Apr/2019:00:57:33 +0000	92.23.57.152	/IRS/ 
08/Apr/2019:01:12:34 +0000	46.101.94.163	/IRS/ 
08/Apr/2019:01:12:34 +0000	92.23.57.152	/IRS/ 
08/Apr/2019:01:12:34 +0000	165.227.163.166	/IRS/ 
08/Apr/2019:01:12:34 +0000	159.203.0.156	/IRS/ 
08/Apr/2019:01:12:34 +0000	188.166.63.71	/IRS/ 
08/Apr/2019:01:27:50 +0000	46.101.94.163	/IRS/ 
08/Apr/2019:01:27:50 +0000	165.227.163.166	/IRS/ 
08/Apr/2019:01:27:50 +0000	188.166.63.71	/IRS/ 
08/Apr/2019:01:27:50 +0000	159.203.0.156	/IRS/ 
08/Apr/2019:01:27:50 +0000	92.23.57.249	/IRS/ 
08/Apr/2019:01:43:03 +0000	46.101.94.163	/IRS/ 
08/Apr/2019:01:43:03 +0000	165.227.163.166	/IRS/ 
08/Apr/2019:01:43:03 +0000	92.23.63.59	/IRS/ 
08/Apr/2019:01:43:03 +0000	188.166.63.71	/IRS/ 
08/Apr/2019:01:43:03 +0000	159.203.0.156	/IRS/ 
08/Apr/2019:01:58:16 +0000	46.101.94.163	/IRS/ 
08/Apr/2019:01:58:17 +0000	92.23.63.59	/IRS/ 
08/Apr/2019:01:58:17 +0000	188.166.63.71	/IRS/ 
08/Apr/2019:01:58:17 +0000	165.227.163.166	/IRS/ 
08/Apr/2019:01:58:17 +0000	159.203.0.156	/IRS/ 
08/Apr/2019:02:13:48 +0000	46.101.94.163	/IRS/ 
08/Apr/2019:02:13:48 +0000	165.227.163.166	/IRS/ 
08/Apr/2019:02:13:48 +0000	188.166.63.71	/IRS/ 
08/Apr/2019:02:13:48 +0000	159.203.0.156	/IRS/ 
08/Apr/2019:02:13:49 +0000	92.23.56.179	/IRS/ 
08/Apr/2019:02:28:58 +0000	46.101.94.163	/IRS/ 
08/Apr/2019:02:28:58 +0000	92.23.56.179	/IRS/ 
08/Apr/2019:02:28:58 +0000	165.227.163.166	/IRS/ 
08/Apr/2019:02:28:58 +0000	159.203.0.156	/IRS/ 
08/Apr/2019:02:28:58 +0000	188.166.63.71	/IRS/ 
08/Apr/2019:02:40:17 +0000	204.13.201.137	/ 
08/Apr/2019:02:44:06 +0000	46.101.94.163	/IRS/ 
08/Apr/2019:02:44:06 +0000	165.227.163.166	/IRS/ 
08/Apr/2019:02:44:06 +0000	92.23.56.179	/IRS/ 
08/Apr/2019:02:44:06 +0000	188.166.63.71	/IRS/ 
08/Apr/2019:02:44:06 +0000	159.203.0.156	/IRS/ 
08/Apr/2019:02:59:10 +0000	92.23.63.137	/IRS/ 
08/Apr/2019:02:59:10 +0000	165.227.163.166	/IRS/ 
08/Apr/2019:02:59:10 +0000	159.203.0.156	/IRS/ 
08/Apr/2019:02:59:10 +0000	46.101.94.163	/IRS/ 
08/Apr/2019:02:59:10 +0000	188.166.63.71	/IRS/ 
08/Apr/2019:03:14:21 +0000	92.23.57.181	/IRS/ 
08/Apr/2019:03:14:21 +0000	46.101.94.163	/IRS/ 
08/Apr/2019:03:14:21 +0000	165.227.163.166	/IRS/ 
08/Apr/2019:03:14:21 +0000	188.166.63.71	/IRS/ 
08/Apr/2019:03:14:21 +0000	159.203.0.156	/IRS/ 
08/Apr/2019:03:29:42 +0000	46.101.94.163	/IRS/ 
08/Apr/2019:03:29:42 +0000	165.227.163.166	/IRS/ 
08/Apr/2019:03:29:42 +0000	159.203.0.156	/IRS/ 
08/Apr/2019:03:29:42 +0000	188.166.63.71	/IRS/ 
08/Apr/2019:03:29:42 +0000	92.23.58.107	/IRS/ 
08/Apr/2019:03:43:01 +0000	52.89.41.223	/ 
08/Apr/2019:03:44:57 +0000	34.214.188.65	/ 
08/Apr/2019:03:45:05 +0000	46.101.94.163	/IRS/ 
08/Apr/2019:03:45:06 +0000	188.166.63.71	/IRS/ 
08/Apr/2019:03:45:06 +0000	92.23.59.145	/IRS/ 
08/Apr/2019:03:45:06 +0000	165.227.163.166	/IRS/ 
08/Apr/2019:03:45:06 +0000	159.203.0.156	/IRS/ 
08/Apr/2019:04:00:19 +0000	46.101.94.163	/IRS/ 
08/Apr/2019:04:00:19 +0000	165.227.163.166	/IRS/ 
08/Apr/2019:04:00:19 +0000	92.23.59.145	/IRS/ 
08/Apr/2019:04:00:19 +0000	159.203.0.156	/IRS/ 
08/Apr/2019:04:00:20 +0000	188.166.63.71	/IRS/ 
08/Apr/2019:04:07:39 +0000	34.219.201.88	/ 
08/Apr/2019:04:15:26 +0000	46.101.94.163	/IRS/ 
08/Apr/2019:04:15:26 +0000	165.227.163.166	/IRS/ 
08/Apr/2019:04:15:26 +0000	92.23.56.98	/IRS/ 
08/Apr/2019:04:15:26 +0000	188.166.63.71	/IRS/ 
08/Apr/2019:04:15:26 +0000	159.203.0.156	/IRS/ 
08/Apr/2019:04:30:47 +0000	165.227.163.166	/IRS/ 
08/Apr/2019:04:30:47 +0000	46.101.94.163	/IRS/ 
08/Apr/2019:04:30:47 +0000	159.203.0.156	/IRS/ 
08/Apr/2019:04:30:47 +0000	92.23.61.65	/IRS/ 
08/Apr/2019:04:30:48 +0000	188.166.63.71	/IRS/ 
08/Apr/2019:04:46:25 +0000	46.101.94.163	/IRS/ 
08/Apr/2019:04:46:26 +0000	165.227.163.166	/IRS/ 
08/Apr/2019:04:46:26 +0000	92.23.61.65	/IRS/ 
08/Apr/2019:04:46:26 +0000	188.166.63.71	/IRS/ 
08/Apr/2019:04:46:26 +0000	159.203.0.156	/IRS/ 
08/Apr/2019:05:01:24 +0000	165.227.163.166	/IRS/ 
08/Apr/2019:05:01:24 +0000	46.101.94.163	/IRS/ 
08/Apr/2019:05:01:24 +0000	159.203.0.156	/IRS/ 
08/Apr/2019:05:01:24 +0000	188.166.63.71	/IRS/ 
08/Apr/2019:05:03:38 +0000	92.23.60.21	/IRS/ 
08/Apr/2019:05:16:38 +0000	165.227.163.166	/IRS/ 
08/Apr/2019:05:16:38 +0000	46.101.94.163	/IRS/ 
08/Apr/2019:05:16:38 +0000	159.203.0.156	/IRS/ 
08/Apr/2019:05:16:38 +0000	188.166.63.71	/IRS/ 
08/Apr/2019:05:16:43 +0000	92.23.60.21	/IRS/ 
08/Apr/2019:05:31:45 +0000	46.101.94.163	/IRS/ 
08/Apr/2019:05:31:45 +0000	165.227.163.166	/IRS/ 
08/Apr/2019:05:31:45 +0000	92.23.60.21	/IRS/ 
08/Apr/2019:05:31:45 +0000	159.203.0.156	/IRS/ 
08/Apr/2019:05:31:45 +0000	188.166.63.71	/IRS/ 
08/Apr/2019:05:46:48 +0000	165.227.163.166	/IRS/ 
08/Apr/2019:05:46:48 +0000	46.101.94.163	/IRS/ 
08/Apr/2019:05:46:48 +0000	188.166.63.71	/IRS/ 
08/Apr/2019:05:46:48 +0000	159.203.0.156	/IRS/ 
08/Apr/2019:05:46:48 +0000	92.23.60.21	/IRS/ 
08/Apr/2019:06:01:53 +0000	46.101.94.163	/IRS/ 
08/Apr/2019:06:01:53 +0000	92.23.59.145	/IRS/ 
08/Apr/2019:06:01:53 +0000	165.227.163.166	/IRS/ 
08/Apr/2019:06:01:53 +0000	159.203.0.156	/IRS/ 
08/Apr/2019:06:01:53 +0000	188.166.63.71	/IRS/ 
08/Apr/2019:06:16:54 +0000	46.101.94.163	/IRS/ 
08/Apr/2019:06:16:54 +0000	165.227.163.166	/IRS/ 
08/Apr/2019:06:16:54 +0000	188.166.63.71	/IRS/ 
08/Apr/2019:06:16:54 +0000	159.203.0.156	/IRS/ 
08/Apr/2019:06:16:55 +0000	92.23.59.145	/IRS/ 
08/Apr/2019:06:31:56 +0000	46.101.94.163	/IRS/ 
08/Apr/2019:06:31:56 +0000	165.227.163.166	/IRS/ 
08/Apr/2019:06:31:56 +0000	92.23.59.145	/IRS/ 
08/Apr/2019:06:31:56 +0000	188.166.63.71	/IRS/ 
08/Apr/2019:06:31:56 +0000	159.203.0.156	/IRS/ 
08/Apr/2019:06:47:07 +0000	46.101.94.163	/IRS/ 
08/Apr/2019:06:47:07 +0000	165.227.163.166	/IRS/ 
08/Apr/2019:06:47:07 +0000	92.23.59.145	/IRS/ 
08/Apr/2019:06:47:07 +0000	159.203.0.156	/IRS/ 
08/Apr/2019:06:47:07 +0000	188.166.63.71	/IRS/ 
08/Apr/2019:07:02:17 +0000	46.101.94.163	/IRS/ 
08/Apr/2019:07:02:17 +0000	188.166.63.71	/IRS/ 
08/Apr/2019:07:02:17 +0000	165.227.163.166	/IRS/ 
08/Apr/2019:07:02:17 +0000	92.23.59.145	/IRS/ 
08/Apr/2019:07:02:17 +0000	159.203.0.156	/IRS/ 
08/Apr/2019:07:17:29 +0000	46.101.94.163	/IRS/ 
08/Apr/2019:07:17:29 +0000	165.227.163.166	/IRS/ 
08/Apr/2019:07:17:29 +0000	92.23.59.145	/IRS/ 
08/Apr/2019:07:17:29 +0000	159.203.0.156	/IRS/ 
08/Apr/2019:07:17:30 +0000	188.166.63.71	/IRS/ 
08/Apr/2019:07:32:32 +0000	46.101.94.163	/IRS/ 
08/Apr/2019:07:32:32 +0000	92.23.59.145	/IRS/ 
08/Apr/2019:07:32:32 +0000	188.166.63.71	/IRS/ 
08/Apr/2019:07:32:32 +0000	165.227.163.166	/IRS/ 
08/Apr/2019:07:32:32 +0000	159.203.0.156	/IRS/ 
08/Apr/2019:07:35:11 +0000	54.200.223.203	/ 
08/Apr/2019:07:47:41 +0000	46.101.94.163	/IRS/ 
08/Apr/2019:07:47:41 +0000	165.227.163.166	/IRS/ 
08/Apr/2019:07:47:41 +0000	92.23.59.145	/IRS/ 
08/Apr/2019:07:47:41 +0000	159.203.0.156	/IRS/ 
08/Apr/2019:07:47:41 +0000	188.166.63.71	/IRS/ 
08/Apr/2019:08:02:42 +0000	46.101.94.163	/IRS/ 
08/Apr/2019:08:02:42 +0000	165.227.163.166	/IRS/ 
08/Apr/2019:08:02:42 +0000	188.166.63.71	/IRS/ 
08/Apr/2019:08:02:42 +0000	159.203.0.156	/IRS/ 
08/Apr/2019:08:02:44 +0000	92.23.61.16	/IRS/ 
08/Apr/2019:08:17:47 +0000	46.101.94.163	/IRS/ 
08/Apr/2019:08:17:47 +0000	165.227.163.166	/IRS/ 
08/Apr/2019:08:17:47 +0000	159.203.0.156	/IRS/ 
08/Apr/2019:08:17:47 +0000	188.166.63.71	/IRS/ 
08/Apr/2019:08:17:50 +0000	92.23.60.190	/IRS/ 
08/Apr/2019:08:32:46 +0000	165.227.163.166	/IRS/ 
08/Apr/2019:08:32:46 +0000	46.101.94.163	/IRS/ 
08/Apr/2019:08:32:46 +0000	188.166.63.71	/IRS/ 
08/Apr/2019:08:32:46 +0000	159.203.0.156	/IRS/ 
08/Apr/2019:08:32:47 +0000	92.23.60.190	/IRS/ 
08/Apr/2019:08:47:01 +0000	46.101.94.163	/IRS/ 
08/Apr/2019:08:47:01 +0000	165.227.163.166	/IRS/ 
08/Apr/2019:08:47:01 +0000	188.166.63.71	/IRS/ 
08/Apr/2019:08:47:01 +0000	92.23.58.129	/IRS/ 
08/Apr/2019:08:47:01 +0000	159.203.0.156	/IRS/ 
08/Apr/2019:09:02:05 +0000	46.101.94.163	/IRS/ 
08/Apr/2019:09:02:05 +0000	165.227.163.166	/IRS/ 
08/Apr/2019:09:02:05 +0000	188.166.63.71	/IRS/ 
08/Apr/2019:09:02:05 +0000	159.203.0.156	/IRS/ 
08/Apr/2019:09:02:09 +0000	92.23.60.151	/IRS/ 
08/Apr/2019:09:17:14 +0000	165.227.163.166	/IRS/ 
08/Apr/2019:09:17:14 +0000	46.101.94.163	/IRS/ 
08/Apr/2019:09:17:14 +0000	84.13.187.255	/IRS/ 
08/Apr/2019:09:17:14 +0000	188.166.63.71	/IRS/ 
08/Apr/2019:09:17:14 +0000	159.203.0.156	/IRS/ 
08/Apr/2019:09:32:33 +0000	46.101.94.163	/IRS/ 
08/Apr/2019:09:32:33 +0000	165.227.163.166	/IRS/ 
08/Apr/2019:09:32:33 +0000	92.23.62.106	/IRS/ 
08/Apr/2019:09:32:33 +0000	159.203.0.156	/IRS/ 
08/Apr/2019:09:32:33 +0000	188.166.63.71	/IRS/ 
08/Apr/2019:09:47:36 +0000	46.101.94.163	/IRS/ 
08/Apr/2019:09:47:37 +0000	188.166.63.71	/IRS/ 
08/Apr/2019:09:47:37 +0000	165.227.163.166	/IRS/ 
08/Apr/2019:09:47:37 +0000	159.203.0.156	/IRS/ 
08/Apr/2019:09:47:38 +0000	92.23.62.106	/IRS/ 
08/Apr/2019:10:02:46 +0000	46.101.94.163	/IRS/ 
08/Apr/2019:10:02:46 +0000	165.227.163.166	/IRS/ 
08/Apr/2019:10:02:46 +0000	92.23.62.106	/IRS/ 
08/Apr/2019:10:02:46 +0000	188.166.63.71	/IRS/ 
08/Apr/2019:10:02:46 +0000	159.203.0.156	/IRS/ 
08/Apr/2019:10:17:53 +0000	46.101.94.163	/IRS/ 
08/Apr/2019:10:17:54 +0000	165.227.163.166	/IRS/ 
08/Apr/2019:10:17:54 +0000	92.23.62.106	/IRS/ 
08/Apr/2019:10:17:54 +0000	188.166.63.71	/IRS/ 
08/Apr/2019:10:17:54 +0000	159.203.0.156	/IRS/ 
08/Apr/2019:10:32:51 +0000	165.227.163.166	/IRS/ 
08/Apr/2019:10:32:51 +0000	46.101.94.163	/IRS/ 
08/Apr/2019:10:32:51 +0000	188.166.63.71	/IRS/ 
08/Apr/2019:10:32:51 +0000	159.203.0.156	/IRS/ 
08/Apr/2019:10:32:52 +0000	92.23.57.47	/IRS/ 
08/Apr/2019:10:48:01 +0000	46.101.94.163	/IRS/ 
08/Apr/2019:10:48:01 +0000	165.227.163.166	/IRS/ 
08/Apr/2019:10:48:01 +0000	92.23.59.75	/IRS/ 
08/Apr/2019:10:48:01 +0000	159.203.0.156	/IRS/ 
08/Apr/2019:10:48:01 +0000	188.166.63.71	/IRS/ 
08/Apr/2019:11:03:01 +0000	46.101.94.163	/IRS/ 
08/Apr/2019:11:03:01 +0000	92.23.60.85	/IRS/ 
08/Apr/2019:11:03:01 +0000	188.166.63.71	/IRS/ 
08/Apr/2019:11:03:01 +0000	165.227.163.166	/IRS/ 
08/Apr/2019:11:03:01 +0000	159.203.0.156	/IRS/ 
08/Apr/2019:11:18:03 +0000	46.101.94.163	/IRS/ 
08/Apr/2019:11:18:03 +0000	92.23.58.94	/IRS/ 
08/Apr/2019:11:18:03 +0000	165.227.163.166	/IRS/ 
08/Apr/2019:11:18:03 +0000	159.203.0.156	/IRS/ 
08/Apr/2019:11:18:03 +0000	188.166.63.71	/IRS/ 
08/Apr/2019:11:33:08 +0000	46.101.94.163	/IRS/ 
08/Apr/2019:11:33:08 +0000	165.227.163.166	/IRS/ 
08/Apr/2019:11:33:08 +0000	188.166.63.71	/IRS/ 
08/Apr/2019:11:33:08 +0000	159.203.0.156	/IRS/ 
08/Apr/2019:11:33:09 +0000	84.13.190.159	/IRS/ 
08/Apr/2019:11:48:19 +0000	165.227.163.166	/IRS/ 
08/Apr/2019:11:48:19 +0000	46.101.94.163	/IRS/ 
08/Apr/2019:11:48:19 +0000	159.203.0.156	/IRS/ 
08/Apr/2019:11:48:19 +0000	92.23.58.209	/IRS/ 
08/Apr/2019:11:48:19 +0000	188.166.63.71	/IRS/ 
08/Apr/2019:11:48:30 +0000	180.179.142.108	/IRS 
08/Apr/2019:11:48:31 +0000	180.179.142.108	/IRS/ 
08/Apr/2019:11:48:31 +0000	91.103.66.203	/IRS/ 
08/Apr/2019:11:48:31 +0000	91.103.66.203	/IRS/style/css/styles-nonie-1022.css 
08/Apr/2019:11:48:31 +0000	180.179.142.108	/IRS/style/css/password-feedback-styles-nonie-1024.css 
08/Apr/2019:11:48:31 +0000	180.179.142.108	/ 
08/Apr/2019:11:48:31 +0000	180.179.142.108	/IRS/style/css/styles-nonie-1022.css 
08/Apr/2019:11:48:31 +0000	91.103.66.203	/IRS/style/css/logo.png 
08/Apr/2019:11:48:32 +0000	91.103.66.203	/IRS/style/css/password-feedback-styles-nonie-1024.css 
08/Apr/2019:11:48:32 +0000	91.103.66.203	/IRS/style/css/button_create_account.jpg 
08/Apr/2019:11:48:32 +0000	180.179.142.108	/IRS/style/css/table.css 
08/Apr/2019:11:48:32 +0000	91.103.66.203	/IRS/style/css/table.css 
08/Apr/2019:11:48:32 +0000	91.103.66.203	/IRS/style/css/button_login.jpg 
08/Apr/2019:11:48:32 +0000	155.64.38.90	/IRS/style/css/styles-nonie-1022.css 
08/Apr/2019:11:49:01 +0000	91.103.66.202	/IRS.zip 
08/Apr/2019:11:49:01 +0000	8.28.16.254	/ 
08/Apr/2019:12:03:25 +0000	92.23.58.209	/IRS/ 
08/Apr/2019:12:03:25 +0000	165.227.163.166	/IRS/ 
08/Apr/2019:12:03:25 +0000	46.101.94.163	/IRS/ 
08/Apr/2019:12:03:26 +0000	188.166.63.71	/IRS/ 
08/Apr/2019:12:03:26 +0000	159.203.0.156	/IRS/ 
08/Apr/2019:12:18:35 +0000	46.101.94.163	/IRS/ 
08/Apr/2019:12:18:35 +0000	92.23.56.20	/IRS/ 
08/Apr/2019:12:18:35 +0000	165.227.163.166	/IRS/ 
08/Apr/2019:12:18:35 +0000	188.166.63.71	/IRS/ 
08/Apr/2019:12:18:35 +0000	159.203.0.156	/IRS/ 
08/Apr/2019:12:33:35 +0000	46.101.94.163	/IRS/ 
08/Apr/2019:12:33:35 +0000	165.227.163.166	/IRS/ 
08/Apr/2019:12:33:35 +0000	159.203.0.156	/IRS/ 
08/Apr/2019:12:33:35 +0000	188.166.63.71	/IRS/ 
08/Apr/2019:12:35:26 +0000	92.23.56.80	/IRS/ 
08/Apr/2019:12:48:45 +0000	46.101.94.163	/IRS/ 
08/Apr/2019:12:48:45 +0000	165.227.163.166	/IRS/ 
08/Apr/2019:12:48:45 +0000	159.203.0.156	/IRS/ 
08/Apr/2019:12:48:45 +0000	188.166.63.71	/IRS/ 
08/Apr/2019:12:48:47 +0000	92.23.56.80	/IRS/ 
08/Apr/2019:12:50:16 +0000	115.89.74.126	/ 
08/Apr/2019:13:03:49 +0000	46.101.94.163	/IRS/ 
08/Apr/2019:13:03:49 +0000	165.227.163.166	/IRS/ 
08/Apr/2019:13:03:49 +0000	159.203.0.156	/IRS/ 
08/Apr/2019:13:03:50 +0000	188.166.63.71	/IRS/ 
08/Apr/2019:13:03:51 +0000	92.23.56.80	/IRS/ 
08/Apr/2019:13:18:50 +0000	46.101.94.163	/IRS/ 
08/Apr/2019:13:18:51 +0000	159.203.0.156	/IRS/ 
08/Apr/2019:13:18:51 +0000	188.166.63.71	/IRS/ 
08/Apr/2019:13:18:51 +0000	165.227.163.166	/IRS/ 
08/Apr/2019:13:18:53 +0000	92.23.56.80	/IRS/ 
08/Apr/2019:13:33:53 +0000	46.101.94.163	/IRS/ 
08/Apr/2019:13:33:53 +0000	165.227.163.166	/IRS/ 
08/Apr/2019:13:33:53 +0000	188.166.63.71	/IRS/ 
08/Apr/2019:13:33:53 +0000	159.203.0.156	/IRS/ 
08/Apr/2019:13:33:54 +0000	79.73.64.8	/IRS/ 
08/Apr/2019:13:48:56 +0000	165.227.163.166	/IRS/ 
08/Apr/2019:13:48:56 +0000	46.101.94.163	/IRS/ 
08/Apr/2019:13:48:56 +0000	79.73.64.8	/IRS/ 
08/Apr/2019:13:48:56 +0000	159.203.0.156	/IRS/ 
08/Apr/2019:13:48:56 +0000	188.166.63.71	/IRS/ 
08/Apr/2019:14:04:03 +0000	46.101.94.163	/IRS/ 
08/Apr/2019:14:04:03 +0000	165.227.163.166	/IRS/ 
08/Apr/2019:14:04:04 +0000	188.166.63.71	/IRS/ 
08/Apr/2019:14:04:04 +0000	159.203.0.156	/IRS/ 
08/Apr/2019:14:05:59 +0000	79.73.65.0	/IRS/ 
08/Apr/2019:14:19:03 +0000	79.73.65.21	/IRS/ 
08/Apr/2019:14:19:03 +0000	46.101.94.163	/IRS/ 
08/Apr/2019:14:19:03 +0000	165.227.163.166	/IRS/ 
08/Apr/2019:14:19:03 +0000	188.166.63.71	/IRS/ 
08/Apr/2019:14:19:03 +0000	159.203.0.156	/IRS/ 
08/Apr/2019:14:34:07 +0000	46.101.94.163	/IRS/ 
08/Apr/2019:14:34:07 +0000	165.227.163.166	/IRS/ 
08/Apr/2019:14:34:07 +0000	188.166.63.71	/IRS/ 
08/Apr/2019:14:34:07 +0000	159.203.0.156	/IRS/ 
08/Apr/2019:14:34:07 +0000	79.73.65.80	/IRS/ 
08/Apr/2019:14:49:06 +0000	46.101.94.163	/IRS/ 
08/Apr/2019:14:49:06 +0000	79.73.65.235	/IRS/ 
08/Apr/2019:14:49:06 +0000	188.166.63.71	/IRS/ 
08/Apr/2019:14:49:06 +0000	165.227.163.166	/IRS/ 
08/Apr/2019:14:49:06 +0000	159.203.0.156	/IRS/ 
08/Apr/2019:15:04:19 +0000	165.227.163.166	/IRS/ 
08/Apr/2019:15:04:19 +0000	46.101.94.163	/IRS/ 
08/Apr/2019:15:04:19 +0000	188.166.63.71	/IRS/ 
08/Apr/2019:15:04:19 +0000	79.73.65.235	/IRS/ 
08/Apr/2019:15:04:19 +0000	159.203.0.156	/IRS/ 
08/Apr/2019:15:19:21 +0000	46.101.94.163	/IRS/ 
08/Apr/2019:15:19:21 +0000	79.73.65.235	/IRS/ 
08/Apr/2019:15:19:21 +0000	159.203.0.156	/IRS/ 
08/Apr/2019:15:19:21 +0000	188.166.63.71	/IRS/ 
08/Apr/2019:15:19:21 +0000	165.227.163.166	/IRS/ 
08/Apr/2019:15:34:22 +0000	46.101.94.163	/IRS/ 
08/Apr/2019:15:34:22 +0000	165.227.163.166	/IRS/ 
08/Apr/2019:15:34:22 +0000	188.166.63.71	/IRS/ 
08/Apr/2019:15:34:22 +0000	79.73.65.235	/IRS/ 
08/Apr/2019:15:34:22 +0000	159.203.0.156	/IRS/ 
08/Apr/2019:15:49:37 +0000	165.227.163.166	/IRS/ 
08/Apr/2019:15:49:37 +0000	46.101.94.163	/IRS/ 
08/Apr/2019:15:49:37 +0000	188.166.63.71	/IRS/ 
08/Apr/2019:15:49:37 +0000	159.203.0.156	/IRS/ 
08/Apr/2019:15:49:38 +0000	79.73.65.235	/IRS/ 
08/Apr/2019:16:04:42 +0000	165.227.163.166	/IRS/ 
08/Apr/2019:16:04:42 +0000	46.101.94.163	/IRS/ 
08/Apr/2019:16:04:42 +0000	79.73.67.181	/IRS/ 
08/Apr/2019:16:04:42 +0000	159.203.0.156	/IRS/ 
08/Apr/2019:16:04:42 +0000	188.166.63.71	/IRS/ 
08/Apr/2019:16:20:03 +0000	46.101.94.163	/IRS/ 
08/Apr/2019:16:20:03 +0000	165.227.163.166	/IRS/ 
08/Apr/2019:16:20:03 +0000	159.203.0.156	/IRS/ 
08/Apr/2019:16:20:03 +0000	188.166.63.71	/IRS/ 
08/Apr/2019:16:20:04 +0000	79.73.67.181	/IRS/ 
08/Apr/2019:16:35:11 +0000	46.101.94.163	/IRS/ 
08/Apr/2019:16:35:11 +0000	165.227.163.166	/IRS/ 
08/Apr/2019:16:35:11 +0000	159.203.0.156	/IRS/ 
08/Apr/2019:16:35:11 +0000	188.166.63.71	/IRS/ 
08/Apr/2019:16:35:14 +0000	79.73.67.181	/IRS/ 
08/Apr/2019:16:50:24 +0000	46.101.94.163	/IRS/ 
08/Apr/2019:16:50:25 +0000	165.227.163.166	/IRS/ 
08/Apr/2019:16:50:25 +0000	79.73.68.197	/IRS/ 
08/Apr/2019:16:50:25 +0000	188.166.63.71	/IRS/ 
08/Apr/2019:16:50:25 +0000	159.203.0.156	/IRS/ 
08/Apr/2019:17:03:32 +0000	208.80.194.41	/ 
08/Apr/2019:17:05:32 +0000	46.101.94.163	/IRS/ 
08/Apr/2019:17:05:32 +0000	165.227.163.166	/IRS/ 
08/Apr/2019:17:05:33 +0000	159.203.0.156	/IRS/ 
08/Apr/2019:17:05:33 +0000	188.166.63.71	/IRS/ 
08/Apr/2019:17:05:33 +0000	79.73.69.31	/IRS/ 
08/Apr/2019:17:20:35 +0000	46.101.94.163	/IRS/ 
08/Apr/2019:17:20:35 +0000	165.227.163.166	/IRS/ 
08/Apr/2019:17:20:35 +0000	79.73.69.31	/IRS/ 
08/Apr/2019:17:20:35 +0000	159.203.0.156	/IRS/ 
08/Apr/2019:17:20:35 +0000	188.166.63.71	/IRS/ 
08/Apr/2019:17:35:41 +0000	165.227.163.166	/IRS/ 
08/Apr/2019:17:35:41 +0000	46.101.94.163	/IRS/ 
08/Apr/2019:17:35:41 +0000	188.166.63.71	/IRS/ 
08/Apr/2019:17:35:41 +0000	159.203.0.156	/IRS/ 
08/Apr/2019:17:35:44 +0000	79.73.69.127	/IRS/ 
08/Apr/2019:17:50:47 +0000	79.73.69.199	/IRS/ 
08/Apr/2019:17:50:47 +0000	46.101.94.163	/IRS/ 
08/Apr/2019:17:50:48 +0000	165.227.163.166	/IRS/ 
08/Apr/2019:17:50:48 +0000	188.166.63.71	/IRS/ 
08/Apr/2019:17:50:48 +0000	159.203.0.156	/IRS/ 
17/Apr/2019:12:47:04 +0000	209.17.97.42	/ 
